personne,s,v,e,date,Jerk_rot,Reduced_state,Neck_local_var,Jerk_pos,Hip_local_var,transition,Hip_roll,Right_hand,Neck_roll,Left_foot,Y,X,Roll_correl,Left_hand,Afford_count,Right_foot
P01,S1,V3,E3,21032014,2339490884636358.5,[2. 4. 4. ... 4. 4. 4.],[0.01952084 0.01953573 0.01955009 ... 0.00979105 0.0097468  0.00970179],143165495894988.84,[0.07984895 0.07977669 0.0796788  ... 0.00306073 0.0030597  0.00305835],"[[ 0.  2.  8. 10. 14.]
 [ 0.  0.  7.  0.  0.]
 [11.  5.  0.  0.  1.]
 [ 9.  0.  0.  0.  3.]
 [14.  0.  1.  2.  0.]]","[-0.43984236 -0.45351887 -0.4658851  ...  0.53805006  0.53709036
  0.53666906]",[0. 0. 0. ... 1. 1. 1.],"[-0.0133556  -0.01638356 -0.02034057 ...  0.46945018  0.46619359
  0.4627863 ]",[1. 1. 1. ... 0. 0. 0.],"[ 10.00003957  10.00006436   9.9999306  ... 928.37516972 928.45984852
 928.54840215]","[-12.9999788  -12.99999256 -13.00001463 ... 268.5070227  268.22431737
 267.93343233]",[0.68264832 0.68347318 0.68430791 ... 0.65525429 0.6547862  0.65427032],[0. 0. 0. ... 1. 1. 1.],[0. 1. 1. ... 3. 3. 3.],[0. 0. 0. ... 1. 1. 1.]
P10,S1,V4,E4,02042014,420990026331711.2,[0. 0. 0. ... 4. 4. 4.],[0.01278879 0.01280968 0.0128243  ... 0.00448424 0.00455564 0.00463443],22858782200627.99,[0.03362121 0.03342602 0.03323388 ... 0.00646313 0.00680776 0.00718396],"[[ 0.  0.  1.  0.  1.]
 [ 0.  0. 16.  0.  0.]
 [ 1. 16.  0.  0.  0.]
 [ 0.  0.  0.  0.  0.]
 [ 0.  0.  0.  0.  0.]]","[ 1.19728104  1.19312093  1.18816816 ... -0.45400912 -0.43500938
 -0.41636095]",[0. 0. 0. ... 0. 0. 0.],"[ 0.25983709  0.26275645  0.26688269 ... -0.41333329 -0.40460402
 -0.39543763]",[0. 0. 0. ... 1. 1. 1.],"[ 22.00003259  22.00000204  21.99827117 ... 993.04146702 993.10507609
 993.15526838]","[ 49.00001777  49.000036    48.99996    ... 272.73644635 273.08693968
 273.42247435]",[0.53846327 0.5386744  0.53870858 ... 0.86507809 0.86507083 0.86536399],[0. 0. 0. ... 1. 1. 1.],[0. 0. 0. ... 2. 2. 2.],[0. 0. 0. ... 0. 0. 0.]
P02,S1,V1,E1,28032014,1948354639929390.0,[0. 0. 0. ... 4. 4. 4.],[0.02608747 0.026089   0.02608934 ... 0.04885185 0.04862378 0.04839811],148673444609553.06,[0.01174903 0.01189881 0.0120453  ... 0.05215222 0.05180998 0.05146995],"[[ 0.  0. 14. 15.  6.]
 [ 2.  0.  9.  0.  0.]
 [12. 11.  0.  0.  0.]
 [15.  0.  0.  0.  1.]
 [ 5.  0.  0.  1.  0.]]","[ 0.33063195  0.3355594   0.33977647 ... -0.1773923  -0.18688128
 -0.19699466]",[0. 0. 0. ... 1. 1. 1.],"[ 0.66238934  0.66809937  0.67492758 ... -0.04744902 -0.04554545
 -0.04467156]",[0. 0. 0. ... 0. 0. 0.],"[-35.99997171 -35.99992763 -36.0000727  ... 939.31041726 939.51159601
 939.6963297 ]","[ -0.99998645  -0.99991073  -0.99847205 ... 276.05656478 275.75797523
 275.46344065]","[ 0.66324621  0.66025265  0.65723984 ... -0.33982447 -0.34861778
 -0.35733159]",[0. 0. 0. ... 1. 1. 1.],[0. 0. 0. ... 2. 2. 2.],[0. 0. 0. ... 0. 0. 0.]
P08,S1,V4,E3,13062014,611551389293025.6,[0. 0. 0. ... 0. 0. 0.],[0.0457921  0.04543642 0.04508502 ... 0.24444226 0.24463066 0.24478705],26836983585001.24,[0.00592976 0.00588348 0.00584385 ... 0.36071037 0.36467286 0.36863472],"[[ 0.  2.  5.  3.  2.]
 [ 1.  0. 10.  0.  0.]
 [ 7.  8.  0.  0.  0.]
 [ 3.  0.  0.  0.  0.]
 [ 1.  1.  0.  0.  0.]]",[0.97121402 0.98285048 0.99457674 ... 0.87856781 0.88211364 0.88505086],[0. 0. 0. ... 0. 0. 0.],"[ 0.46905702  0.47244304  0.47695932 ... -0.04002108 -0.04974271
 -0.05964969]",[0. 0. 0. ... 0. 0. 0.],"[  3.00003652   3.00007282   2.99991561 ... 886.06185099 886.24359153
 886.43880883]","[ 58.00001988  58.00011808  58.00157679 ... 300.93855874 301.0301797
 301.0969686 ]",[0.17903659 0.17258075 0.16654285 ... 0.80864426 0.80883584 0.8089664 ],[0. 0. 0. ... 0. 0. 0.],[0. 0. 0. ... 0. 0. 0.],[0. 0. 0. ... 0. 0. 0.]
P10,S1,V1,E1,02042014,1604367015618789.0,[0. 4. 4. ... 4. 4. 4.],[0.02446798 0.02438434 0.02430051 ... 0.00056802 0.00056619 0.00056518],92895952930729.5,[0.07750848 0.07708027 0.0766549  ... 0.01971857 0.01972079 0.01972354],"[[ 0.  2.  6.  8.  7.]
 [ 2.  0. 11.  0.  0.]
 [ 7. 11.  0.  0.  0.]
 [ 8.  0.  0.  0.  0.]
 [ 5.  0.  1.  0.  0.]]",[0.885159   0.88238414 0.87945808 ... 0.62872392 0.63090717 0.63393394],[0. 0. 0. ... 0. 0. 0.],"[ 0.32264856  0.32197684  0.32085365 ... -0.21280407 -0.20877912
 -0.20477708]",[1. 1. 1. ... 0. 0. 0.],"[ 16.0000236   15.99999826  15.99830559 ... 983.82659479 983.92666961
 984.03110575]","[ 41.00000271  41.00002588  40.99997183 ... 272.15132975 272.07589558
 272.01542827]",[0.61316999 0.61132469 0.60946714 ... 0.34281618 0.34214084 0.34181103],[0. 0. 0. ... 1. 1. 1.],[0. 1. 1. ... 1. 1. 1.],[0. 0. 0. ... 0. 0. 0.]
P24,S1,V3,E3,28032014,587735026910308.9,[0. 0. 0. ... 4. 4. 4.],[0.05546093 0.05595626 0.05644694 ... 0.01535525 0.0153926  0.01541777],60197959016251.86,[0.00881971 0.00893565 0.00904758 ... 0.02915485 0.02901832 0.02888837],"[[ 0.  3.  6.  8. 11.]
 [ 0.  0. 10.  0.  0.]
 [ 9.  7.  0.  0.  0.]
 [ 8.  0.  0.  0.  0.]
 [10.  0.  0.  0.  0.]]",[0.2307056  0.23158145 0.23244277 ... 0.05769195 0.06154161 0.06566988],[0. 0. 0. ... 0. 0. 0.],"[-0.11050567 -0.1119553  -0.11363674 ... -0.18297914 -0.16675654
 -0.14747665]",[0. 0. 0. ... 1. 1. 1.],"[  2.00002444   2.00002492   1.99997082 ... 290.35194906 291.021587
 291.77788545]","[-22.99997781 -22.99999158 -23.00000501 ... 285.00095504 285.1446608
 285.27132256]","[ 0.80113624  0.80414978  0.80712776 ... -0.25039985 -0.24783009
 -0.24535875]",[0. 0. 0. ... 1. 1. 1.],[0. 0. 0. ... 3. 3. 3.],[0. 0. 0. ... 1. 1. 1.]
P08,S1,V1,E1,13062014,1852012521156284.0,[0. 0. 0. ... 0. 0. 0.],[0.04702559 0.04699012 0.04695274 ... 0.03133292 0.03161318 0.03188579],83386289788918.64,[0.00083724 0.00080005 0.00076604 ... 0.1761223  0.17625838 0.17638126],"[[ 0.  0.  5.  4.  3.]
 [ 0.  0. 17.  0.  0.]
 [ 5. 17.  0.  0.  0.]
 [ 5.  0.  0.  0.  0.]
 [ 2.  0.  0.  1.  0.]]",[1.01430485 1.0205038  1.02775935 ... 0.20458902 0.20048213 0.19662314],[0. 0. 0. ... 0. 0. 0.],[0.65884494 0.65984408 0.66121035 ... 0.30048552 0.29644493 0.29266534],[0. 0. 0. ... 0. 0. 0.],"[  2.0000196    2.00007479   1.99992319 ... 968.63758197 968.32759688
 967.96738978]","[ 44.00000223  44.00016352  44.00308083 ... 310.44095087 310.85070896
 311.23605049]","[ 0.00890645 -0.0039886  -0.01690523 ...  0.80243544  0.80324993
  0.80404284]",[0. 0. 0. ... 0. 0. 0.],[0. 0. 0. ... 0. 0. 0.],[0. 0. 0. ... 0. 0. 0.]
P29,S1,V4,E3,04042014,7.91676490295663e+16,[0. 4. 4. ... 4. 4. 4.],[0.01685298 0.01680871 0.01676358 ... 0.01631272 0.01634772 0.01637824],5728306311659745.0,[0.03912792 0.0390078  0.03888961 ... 0.06387959 0.06374775 0.06361655],"[[ 0.  5. 18. 15. 16.]
 [ 7.  0. 17.  0.  0.]
 [15. 19.  0.  0.  1.]
 [15.  0.  0.  0.  0.]
 [16.  0.  0.  0.  0.]]","[-0.94061534 -0.93849927 -0.93671313 ...  0.10567053  0.11128313
  0.11602865]",[0. 0. 0. ... 0. 0. 0.],"[-0.58211748 -0.58353652 -0.58512776 ...  0.07691574  0.07167082
  0.06953613]",[1. 1. 1. ... 1. 1. 1.],"[ 23.00002891  23.00007372  22.99992527 ... 921.37139461 923.2039659
 925.03837153]","[ -2.00000899  -1.99991492  -1.99848424 ... 289.23568194 289.86735231
 290.50960682]",[0.71603696 0.71495859 0.71388056 ... 0.17653947 0.17445485 0.17243637],[0. 0. 0. ... 1. 1. 1.],[0. 1. 1. ... 2. 2. 2.],[0. 0. 0. ... 0. 0. 0.]
P19,S2,V2,E1,02042014,3.2985853796589852e+16,[0. 4. 4. ... 4. 4. 4.],[0.09754893 0.09667433 0.09580966 ... 0.03322373 0.03331486 0.03337164],1848409391428485.5,[0.27093775 0.26855698 0.26617882 ... 0.074061   0.07406491 0.07405974],"[[ 0.  7. 12. 12. 15.]
 [ 2.  0. 20.  0.  0.]
 [17. 14.  0.  0.  1.]
 [14.  0.  0.  0.  0.]
 [12.  1.  0.  2.  0.]]",[1.38032404 1.37802514 1.3757796  ... 0.23377358 0.22919339 0.22230016],[1. 1. 1. ... 0. 0. 0.],[0.38636748 0.38151482 0.37718942 ... 0.24926061 0.2447525  0.24065241],[0. 0. 0. ... 1. 1. 1.],"[-17.99994127 -17.99988189 -17.99858905 ... 876.55873856 877.35348746
 878.20737584]","[ 64.9999893   65.00007777  65.00149116 ... 296.92143315 296.87411048
 296.80503209]",[0.75228215 0.75011954 0.74791464 ... 0.79983276 0.79959571 0.79938957],[0. 0. 0. ... 0. 0. 0.],[0. 1. 1. ... 2. 2. 2.],[0. 0. 0. ... 1. 1. 1.]
P25,S1,V2,E2,28032014,5810401408754742.0,[0. 0. 0. ... 4. 4. 4.],[0.10828604 0.10846078 0.10862617 ... 0.05246161 0.0523576  0.05225132],1073297290417115.4,[0.00897481 0.00890912 0.00884242 ... 0.10452013 0.10450487 0.10448237],"[[ 0.  0. 12. 11.  4.]
 [ 2.  0. 16.  0.  0.]
 [10. 18.  0.  0.  0.]
 [10.  0.  0.  0.  1.]
 [ 4.  0.  0.  0.  0.]]","[-0.16631105 -0.16711482 -0.16726059 ... -0.30967922 -0.30752337
 -0.30444247]",[0. 0. 0. ... 0. 0. 0.],[0.13217989 0.14204772 0.15153843 ... 0.73282257 0.73341475 0.73450122],[0. 0. 0. ... 1. 1. 1.],"[-14.99997648 -14.99993337 -15.00006454 ... 908.02316241 908.05401656
 908.09652686]","[-23.99999055 -23.99997527 -24.00002493 ... 288.49774461 288.65946956
 288.83494598]",[0.44864187 0.45322188 0.45800339 ... 0.29090518 0.28922734 0.28740263],[0. 0. 0. ... 1. 1. 1.],[0. 0. 0. ... 2. 2. 2.],[0. 0. 0. ... 0. 0. 0.]
P12,S2,V3,E2,04042014,1392463929795241.0,[0. 4. 4. ... 4. 4. 4.],[0.03394593 0.03397312 0.03400062 ... 0.05637151 0.05638963 0.05639343],120439846824903.08,[0.07572432 0.07580318 0.07587438 ... 0.13536754 0.13553155 0.1356786 ],"[[ 0.  0.  8. 10.  3.]
 [ 2.  0. 11.  0.  0.]
 [ 5. 13.  0.  0.  1.]
 [ 9.  0.  0.  0.  1.]
 [ 4.  0.  0.  0.  0.]]","[-0.41810342 -0.4330584  -0.44671412 ...  0.32676291  0.32909502
  0.33159948]",[0. 0. 0. ... 1. 1. 1.],"[-0.05718089 -0.06204584 -0.06567034 ...  0.30864452  0.30291941
  0.29128796]",[1. 1. 1. ... 0. 0. 0.],"[ 33.00002991  33.00014342  33.0015472  ... 892.99537622 893.33165986
 893.67920465]","[  2.0000053    2.00010379   2.00159911 ... 274.16161747 273.94835874
 273.73198501]",[0.91220436 0.91244042 0.91270038 ... 0.93248824 0.93257524 0.93264624],[0. 0. 0. ... 1. 1. 1.],[0. 1. 1. ... 3. 3. 3.],[0. 0. 0. ... 1. 1. 1.]
P15,S2,V4,E3,31032014,3215193581331519.5,[0. 4. 4. ... 4. 4. 4.],[0.04367551 0.04336242 0.04304824 ... 0.02007876 0.02001382 0.01995065],176748079045668.06,[0.16544111 0.16493111 0.16441574 ... 0.00554256 0.00547191 0.00540195],"[[ 0.  0.  8.  7.  4.]
 [ 0.  0. 16.  0.  0.]
 [ 9. 16.  0.  0.  1.]
 [ 6.  0.  1.  0.  1.]
 [ 3.  0.  1.  1.  0.]]","[-1.40661376 -1.41341738 -1.42009856 ... -1.11082229 -1.10373741
 -1.09528792]",[0. 0. 0. ... 0. 0. 0.],"[-0.7945528  -0.7950167  -0.79439596 ... -0.50176293 -0.49459948
 -0.48814247]",[0. 0. 0. ... 0. 0. 0.],"[ 42.00003276  41.99998944  41.99844786 ... 889.00768108 889.01979552
 889.03581318]","[ 25.0000181   25.00014359  25.00296353 ... 261.60742595 262.27874282
 262.98965086]","[ 0.93533861  0.93492958  0.93450058 ... -0.13160198 -0.14182304
 -0.15203537]",[1. 1. 1. ... 1. 1. 1.],[0. 2. 2. ... 1. 1. 1.],[1. 1. 1. ... 0. 0. 0.]
P19,S2,V3,E3,02042014,5499058282343502.0,[2. 4. 4. ... 4. 4. 4.],[0.01824916 0.01800523 0.01776704 ... 0.08244782 0.08243869 0.08242103],292526259370848.44,[0.10511394 0.10427581 0.10346535 ... 0.15813441 0.15869724 0.15923214],"[[ 0.  4.  9.  5.  5.]
 [ 0.  0. 12.  0.  0.]
 [13.  8.  0.  0.  2.]
 [ 6.  0.  0.  0.  0.]
 [ 4.  0.  1.  1.  0.]]",[0.68128658 0.6697847  0.65831654 ... 0.25037329 0.24167945 0.23346857],[0. 0. 0. ... 0. 0. 0.],[0.28948437 0.28480473 0.2810708  ... 0.06229108 0.0643749  0.06770188],[1. 1. 1. ... 1. 1. 1.],"[ -2.99998294  -2.99992193  -3.00007769 ... 872.24755761 872.20473321
 872.12899566]","[ 39.00001861  39.00002956  38.99997336 ... 289.97785226 289.70656442
 289.43394755]",[0.66161489 0.65844014 0.65529356 ... 0.68489838 0.68614079 0.68733502],[0. 0. 0. ... 0. 0. 0.],[0. 1. 1. ... 1. 1. 1.],[0. 0. 0. ... 0. 0. 0.]
P10,S1,V3,E3,02042014,603016041360387.2,[0. 4. 4. ... 4. 4. 4.],[0.02304193 0.02303032 0.02301879 ... 0.05291552 0.05317559 0.05343276],31824706631293.184,[0.02407772 0.02409038 0.02410156 ... 0.06236789 0.06211562 0.06187188],"[[ 0.  1.  5.  9.  7.]
 [ 0.  0. 22.  0.  0.]
 [ 6. 21.  0.  0.  1.]
 [10.  0.  0.  0.  0.]
 [ 5.  0.  1.  1.  0.]]",[0.1985824  0.19347237 0.1882608  ... 0.04271594 0.04653832 0.0502137 ],[0. 0. 0. ... 0. 0. 0.],"[ 0.12452098  0.12429523  0.12386317 ... -0.5814074  -0.57980623
 -0.57784343]",[1. 1. 1. ... 1. 1. 1.],"[ 11.00004378  11.0000678   10.9999256  ... 980.43600921 980.68722363
 980.95561297]","[ -0.99997048  -0.99997844  -1.00003472 ... 278.72076162 278.8110878
 278.90561115]",[0.82020327 0.82038492 0.82061203 ... 0.80815301 0.80776194 0.8073385 ],[0. 0. 0. ... 0. 0. 0.],[0. 1. 1. ... 1. 1. 1.],[0. 0. 0. ... 0. 0. 0.]
P18,S2,V4,E2,03042014,3.0871415229592365e+17,[0. 4. 4. ... 4. 4. 4.],[0.08298348 0.08291247 0.08283271 ... 0.05743101 0.05766227 0.05788782],1.9136222774173068e+16,[0.06726045 0.0671765  0.06709975 ... 0.03314892 0.03301381 0.03287749],"[[ 0.  5. 17. 22. 31.]
 [ 4.  0. 22.  0.  0.]
 [19. 20.  0.  0.  0.]
 [20.  0.  0.  0.  3.]
 [31.  1.  0.  1.  0.]]",[1.34763849 1.34331726 1.33972193 ... 1.50877153 1.50877863 1.50897085],[1. 1. 1. ... 1. 1. 1.],[1.26411151 1.26663403 1.26983367 ... 1.80834402 1.80795702 1.80722012],[0. 0. 0. ... 0. 0. 0.],"[-57.99998573 -57.99974117 -57.99542089 ... 956.09219187 956.08678108
 956.07853261]","[-10.99999563 -10.99993292 -10.99844437 ... 307.90927791 307.90714083
 307.89309705]",[0.97336084 0.97330312 0.97325854 ... 0.94676573 0.94635864 0.94596172],[1. 1. 1. ... 0. 0. 0.],[0. 2. 2. ... 1. 1. 1.],[0. 0. 0. ... 0. 0. 0.]
P03,S1,V3,E3,24032014,1228674859999772.8,[0. 0. 0. ... 4. 4. 4.],[0.05739912 0.05735261 0.05730912 ... 0.02526628 0.02527314 0.02527595],49121435938223.49,[0.09382793 0.09400752 0.09418728 ... 0.04345597 0.04340233 0.04334795],"[[ 0.  5.  8.  8. 13.]
 [ 1.  0.  9.  0.  0.]
 [12.  5.  0.  0.  0.]
 [ 5.  0.  0.  0.  6.]
 [15.  0.  0.  3.  0.]]",[0.16218148 0.16204544 0.16158397 ... 0.04584699 0.03703646 0.02764373],[0. 0. 0. ... 0. 0. 0.],[0.004528   0.00724364 0.01066683 ... 0.3496603  0.34501266 0.33989988],[0. 0. 0. ... 0. 0. 0.],"[-20.99996869 -20.99999578 -21.00157204 ... 898.70122594 899.20235942
 899.68183546]","[-30.00001923 -29.99998764 -29.99999543 ... 264.20932303 263.87562443
 263.52796356]",[0.94798435 0.94816193 0.94833404 ... 0.59682367 0.59363529 0.59037856],[0. 0. 0. ... 1. 1. 1.],[0. 0. 0. ... 2. 2. 2.],[0. 0. 0. ... 1. 1. 1.]
P24,S1,V4,E4,28032014,3169010122267710.0,[0. 0. 0. ... 4. 4. 4.],[0.01953879 0.01950597 0.01947412 ... 0.01241366 0.0121827  0.01195062],352061182608948.56,[0.01635275 0.01641822 0.01648567 ... 0.01790401 0.01774032 0.01756921],"[[ 0.  1. 12. 11.  7.]
 [ 2.  0. 15.  0.  0.]
 [11. 16.  0.  0.  0.]
 [11.  0.  0.  0.  0.]
 [ 6.  0.  0.  0.  0.]]","[ 0.01626834  0.02384845  0.03180737 ... -1.4233386  -1.42610028
 -1.42603208]",[0. 0. 0. ... 0. 0. 0.],"[-0.09515981 -0.09213333 -0.08843991 ... -1.21471444 -1.21625018
 -1.21792939]",[0. 0. 0. ... 1. 1. 1.],"[-10.00001402 -10.00003061 -10.00156546 ... 449.03119955 449.01265278
 448.9969487 ]","[-10.99999732 -10.9998984  -10.99851228 ... 240.58428531 241.10263587
 241.65446211]",[0.77066261 0.76981595 0.76897734 ... 0.73742816 0.73413408 0.73062085],[0. 0. 0. ... 0. 0. 0.],[0. 0. 0. ... 2. 2. 2.],[0. 0. 0. ... 1. 1. 1.]
P32,S1,V3,E3,14042014,2.5472123893627292e+16,[0. 4. 4. ... 4. 4. 4.],[0.00427719 0.00428181 0.00428651 ... 0.01804837 0.01801773 0.01798276],1617565641965928.5,[0.02720427 0.02717524 0.02714781 ... 0.03710882 0.03675166 0.03638849],"[[ 0. 11. 10. 14. 24.]
 [ 2.  0. 23.  0.  0.]
 [19. 14.  0.  0.  0.]
 [15.  0.  0.  0.  0.]
 [22.  0.  0.  1.  0.]]","[-0.03234083 -0.029105   -0.02564214 ...  0.11139771  0.09675689
  0.08015819]",[0. 0. 0. ... 0. 0. 0.],"[ 0.34657037  0.35106272  0.35534342 ... -0.10560327 -0.10613365
 -0.10811171]",[1. 1. 1. ... 1. 1. 1.],"[  5.00003438   5.00005347   4.99994417 ... 876.40769003 877.68351612
 879.03722222]","[ -5.99997687  -5.99983711  -5.9969737  ... 291.47269558 291.19012295
 290.88399944]",[0.65396483 0.65336843 0.65285619 ... 0.31379331 0.31066495 0.3073464 ],[0. 0. 0. ... 0. 0. 0.],[0. 1. 1. ... 1. 1. 1.],[0. 0. 0. ... 0. 0. 0.]
P20,S2,V2,E1,10042014,1.5186792619526016e+16,[0. 4. 4. ... 4. 4. 4.],[0.01534193 0.01534382 0.01534614 ... 0.01980082 0.01977712 0.0197542 ],897320422063954.8,[0.04594493 0.04597584 0.04600649 ... 0.0284719  0.02858625 0.02870594],"[[ 0.  7. 14. 13. 15.]
 [ 0.  0. 15.  0.  0.]
 [20.  8.  0.  0.  1.]
 [13.  0.  0.  0.  0.]
 [15.  0.  0.  0.  0.]]","[-0.62472676 -0.62972976 -0.63521866 ...  0.31258131  0.31765386
  0.32074281]",[0. 0. 0. ... 0. 0. 0.],"[-0.26715386 -0.26984877 -0.27239494 ...  0.06269436  0.06395128
  0.06517564]",[1. 1. 1. ... 0. 0. 0.],"[ 38.00002945  38.00000898  37.99838549 ... 947.83580671 947.89086257
 947.95257029]","[  6.00001345   6.00003227   5.99995274 ... 270.40741203 270.47731231
 270.54269716]",[0.77345373 0.77282877 0.77214876 ... 0.5320946  0.53163418 0.53119104],[0. 0. 0. ... 1. 1. 1.],[0. 1. 1. ... 1. 1. 1.],[0. 0. 0. ... 0. 0. 0.]
P21,S2,V2,E1,11042014,451469020745995.2,[0. 0. 0. ... 0. 0. 0.],[0.03486855 0.03467148 0.0344666  ... 0.02062426 0.02060051 0.02057245],36440002347784.61,[0.00434066 0.00430953 0.00427694 ... 0.02751229 0.02737756 0.02724842],"[[ 0.  3.  6.  9. 10.]
 [ 1.  0.  4.  0.  0.]
 [ 8.  2.  0.  0.  0.]
 [10.  0.  0.  0.  0.]
 [ 9.  0.  0.  1.  0.]]","[ 0.30479936  0.30708948  0.30912868 ... -0.62162468 -0.62187994
 -0.62292466]",[0. 0. 0. ... 0. 0. 0.],[0.62648599 0.63046365 0.63315016 ... 0.07844394 0.07877658 0.08121886],[0. 0. 0. ... 0. 0. 0.],"[-4.99998823 -4.99997923 -5.00002631 ... 76.70685573 76.60466213
 76.49609054]","[-16.99998863 -16.99997115 -17.0000295  ... 291.68238594 291.58262765
 291.47439277]",[0.59525367 0.59241814 0.58942817 ... 0.58405628 0.58243447 0.58067206],[0. 0. 0. ... 0. 0. 0.],[0. 0. 0. ... 0. 0. 0.],[0. 0. 0. ... 0. 0. 0.]
P00,S1,V4,E3,27032014,1757005935043580.0,[0. 4. 4. ... 4. 4. 4.],[0.03307847 0.03305452 0.03302057 ... 0.02899714 0.02910597 0.02921871],78044366385950.06,[0.27123582 0.26990684 0.26857006 ... 0.03233974 0.03243056 0.03251579],"[[ 0.  5.  5. 11.  9.]
 [ 2.  0. 16.  0.  0.]
 [ 9. 13.  0.  0.  0.]
 [11.  0.  0.  0.  0.]
 [ 7.  0.  1.  0.  0.]]","[-0.6271014  -0.62726415 -0.62777056 ...  0.28025148  0.28598639
  0.29284222]",[0. 0. 0. ... 0. 0. 0.],"[-0.1123638  -0.11818256 -0.12295528 ...  0.41704243  0.41246301
  0.4075961 ]",[1. 1. 1. ... 1. 1. 1.],"[ 10.00004946  10.0000864    9.99988869 ... 935.02950662 935.75008976
 936.56707368]","[ -2.99998387  -2.99996649  -3.0000393  ... 268.5913064  268.94307316
 269.27092123]",[0.89045827 0.88979207 0.88912616 ... 0.95387086 0.95410325 0.95430918],[0. 0. 0. ... 1. 1. 1.],[0. 1. 1. ... 3. 3. 3.],[0. 0. 0. ... 1. 1. 1.]
P09,S1,V4,E3,21032014,297586371710151.2,[2. 4. 4. ... 4. 4. 4.],[0.03520425 0.0350519  0.03491044 ... 0.00718632 0.00717655 0.00717115],29128840064502.043,[0.21057674 0.203687   0.19693465 ... 0.08277516 0.08279659 0.08281163],"[[0. 0. 9. 6. 6.]
 [0. 0. 6. 0. 0.]
 [8. 6. 0. 0. 2.]
 [6. 0. 0. 0. 1.]
 [7. 0. 0. 1. 0.]]","[ 1.01318059  0.99098061  0.96749178 ... -1.31189026 -1.30277392
 -1.2934986 ]",[0. 0. 0. ... 0. 0. 0.],"[ 0.03685178  0.02814791  0.0183319  ... -0.21746106 -0.21431929
 -0.21113212]",[1. 1. 1. ... 1. 1. 1.],"[-19.99997314 -19.99992509 -20.00007279 ... 883.35062629 883.40572167
 883.545048  ]","[ 51.00000316  50.99988847  50.99700484 ... 260.1645207  259.65502255
 259.13943486]","[ 0.80750837  0.80608201  0.80471118 ... -0.53173487 -0.532055
 -0.53225773]",[0. 0. 0. ... 1. 1. 1.],[0. 2. 2. ... 2. 2. 2.],[1. 1. 1. ... 0. 0. 0.]
P18,S2,V3,E3,03042014,2.410769081579493e+16,[0. 4. 4. ... 4. 4. 4.],[0.02376886 0.02368646 0.02360358 ... 0.02222607 0.02222805 0.02223149],2244700753008234.0,[0.08723323 0.08718635 0.08714599 ... 0.04284792 0.04240812 0.04196958],"[[ 0.  4. 11. 12. 10.]
 [ 2.  0. 15.  0.  0.]
 [15. 12.  0.  0.  0.]
 [13.  0.  1.  0.  1.]
 [ 6.  1.  0.  3.  0.]]",[0.25709204 0.25379442 0.24990438 ... 1.66187503 1.66078896 1.66006307],[0. 0. 0. ... 0. 0. 0.],[0.20481854 0.20438635 0.20400219 ... 1.14459013 1.14821206 1.15204284],[1. 1. 1. ... 1. 1. 1.],"[ 27.00002498  27.00006422  26.99993607 ... 986.12837464 985.89183202
 985.69572996]","[ 20.99999894  21.00001285  20.99999603 ... 314.07492303 313.81604544
 313.54374744]",[0.77375523 0.77299556 0.77226441 ... 0.76619253 0.76374206 0.7612035 ],[0. 0. 0. ... 1. 1. 1.],[0. 1. 1. ... 3. 3. 3.],[0. 0. 0. ... 1. 1. 1.]
P09,S1,V3,E4,21032014,1060634683440856.8,[0. 0. 0. ... 4. 4. 4.],[0.04333546 0.04329252 0.04325256 ... 0.04344372 0.04345044 0.04345592],71806938884779.05,[0.02370133 0.0236359  0.02357021 ... 0.04059798 0.04041503 0.04023299],"[[ 0.  9.  6.  9. 16.]
 [ 0.  0. 10.  0.  0.]
 [15.  1.  0.  0.  0.]
 [ 8.  0.  0.  0.  2.]
 [16.  0.  0.  1.  0.]]",[0.26899437 0.26906388 0.269074   ... 0.01042973 0.00753675 0.00421867],[0. 0. 0. ... 0. 0. 0.],[0.45464424 0.45309819 0.45139281 ... 0.2616602  0.25856983 0.25508444],[0. 0. 0. ... 0. 0. 0.],"[-16.99997782 -16.99994118 -17.00005605 ... 892.74206642 893.10287468
 893.45966198]","[ -3.99999251  -3.99998365  -4.00001752 ... 262.09831529 262.19342123
 262.31860557]",[0.70866049 0.70609096 0.70345337 ... 0.55582199 0.55574472 0.55566473],[0. 0. 0. ... 1. 1. 1.],[0. 0. 0. ... 2. 2. 2.],[0. 0. 0. ... 1. 1. 1.]
P15,S2,V3,E2,31032014,7962210640915704.0,[0. 0. 0. ... 4. 4. 4.],[0.02220394 0.02217161 0.02213929 ... 0.08656521 0.0863424  0.08611576],431864498736920.5,[0.03239855 0.03229979 0.03219841 ... 0.020161   0.01993532 0.019707  ],"[[ 0.  4.  9. 13. 15.]
 [ 3.  0. 15.  0.  0.]
 [10. 14.  0.  0.  0.]
 [14.  0.  0.  0.  1.]
 [13.  0.  0.  2.  0.]]","[-0.66960871 -0.67189933 -0.67396909 ...  0.46698544  0.46694535
  0.46646284]",[0. 0. 0. ... 1. 1. 1.],"[-0.37328748 -0.37426463 -0.37540884 ...  0.69701436  0.70008459
  0.70534432]",[0. 0. 0. ... 0. 0. 0.],"[ 37.00001357  37.00006079  36.9999532  ... 981.51814733 981.49938285
 981.48847155]","[ 16.99997368  17.0000205   16.99999711 ... 303.66371129 303.47033353
 303.27853723]",[0.9767609  0.97671955 0.97667289 ... 0.40624693 0.40231218 0.39827272],[0. 0. 0. ... 1. 1. 1.],[0. 0. 0. ... 3. 3. 3.],[0. 0. 0. ... 1. 1. 1.]
P20,S2,V3,E3,10042014,1.573649128346029e+16,[0. 4. 4. ... 4. 4. 4.],[0.03853083 0.03853439 0.0385376  ... 0.01206313 0.01224251 0.01243748],1115695626173017.8,[0.07513196 0.07522919 0.07536046 ... 0.01990397 0.01990762 0.01991087],"[[ 0.  7.  8.  9.  7.]
 [ 0.  0. 10.  0.  0.]
 [14.  3.  0.  0.  1.]
 [10.  0.  0.  0.  0.]
 [ 6.  0.  0.  1.  0.]]","[-0.73975139 -0.74084858 -0.74130408 ...  0.43997973  0.44026547
  0.44109032]",[0. 0. 0. ... 0. 0. 0.],"[-0.17328247 -0.17717128 -0.18030909 ...  0.97582706  0.98937182
  1.00275646]",[1. 1. 1. ... 0. 0. 0.],"[ 31.00002564  31.00006972  30.99993306 ... 959.55930699 959.92062974
 960.31443569]","[ 12.0000227   12.00008081  12.00146087 ... 280.08405722 279.95758718
 279.83313451]",[0.67404669 0.6739649  0.67381902 ... 0.22908984 0.22418492 0.21911443],[1. 1. 1. ... 1. 1. 1.],[0. 2. 2. ... 2. 2. 2.],[0. 0. 0. ... 1. 1. 1.]
P26,S1,V4,E4,31032014,3769610025235532.5,[2. 4. 4. ... 4. 4. 4.],[0.03569352 0.03611923 0.03654922 ... 0.00472771 0.00469486 0.00466217],191466613944438.1,[0.45145371 0.45416927 0.45691685 ... 0.00182473 0.00183233 0.00183998],"[[ 0.  0.  4.  6.  3.]
 [ 1.  0. 14.  0.  0.]
 [ 4. 15.  0.  0.  1.]
 [ 6.  0.  0.  0.  0.]
 [ 2.  0.  1.  0.  0.]]",[0.75514844 0.73676686 0.71765229 ... 0.07610269 0.07614633 0.07557367],[0. 0. 0. ... 1. 1. 1.],[0.0994263  0.09232623 0.08583247 ... 0.26401782 0.26267892 0.262247  ],[1. 1. 1. ... 1. 1. 1.],"[-39.99997065 -39.99991345 -40.00008139 ... 926.94264681 926.87028769
 926.79576127]","[ 53.0000272   53.0001048   53.00145336 ... 261.18031108 261.1289352
 261.11492052]",[0.90696673 0.90692186 0.90691122 ... 0.62150015 0.61412586 0.60670007],[0. 0. 0. ... 1. 1. 1.],[0. 1. 1. ... 3. 3. 3.],[0. 0. 0. ... 0. 0. 0.]
P13,S2,V3,E3,31032014,2365745417873729.5,[2. 4. 4. ... 4. 4. 4.],[0.023054   0.02303206 0.02300627 ... 0.02422956 0.02419814 0.02416332],177619019983236.88,[0.01209148 0.01216182 0.01223646 ... 0.06669928 0.06668602 0.06665538],"[[ 0.  3.  8.  9.  5.]
 [ 1.  0. 13.  0.  0.]
 [10. 10.  0.  0.  2.]
 [ 9.  0.  0.  0.  0.]
 [ 5.  1.  0.  0.  0.]]","[ 0.01134696 -0.00779748 -0.02537528 ...  0.16559369  0.1563992
  0.14738685]",[0. 0. 0. ... 0. 0. 0.],"[-0.23429948 -0.2404983  -0.24288281 ...  0.06507994  0.0608968
  0.05780735]",[1. 1. 1. ... 1. 1. 1.],"[ 25.00002402  25.000068    24.99993416 ... 886.06650258 886.79671137
 887.53773345]","[ 7.14621602e-06  2.20389594e-05 -2.04647312e-05 ...  2.89965683e+02
  2.89826946e+02  2.89712780e+02]",[0.72507823 0.72648923 0.72754579 ... 0.83969697 0.83942983 0.8391389 ],[0. 0. 0. ... 0. 0. 0.],[0. 2. 2. ... 1. 1. 1.],[1. 1. 1. ... 0. 0. 0.]
P06,S1,V1,E1,27032014,688957802089737.1,[0. 4. 4. ... 4. 4. 4.],[0.02301329 0.02299557 0.02297602 ... 0.06589    0.06577505 0.06565933],32693377759024.49,[0.05992611 0.05954691 0.05915813 ... 0.14768798 0.14737996 0.14707098],"[[ 0.  3.  7. 10. 11.]
 [ 0.  0. 12.  0.  0.]
 [ 9.  9.  0.  0.  1.]
 [ 9.  0.  0.  0.  1.]
 [12.  0.  0.  0.  0.]]","[-0.56851739 -0.57218752 -0.57705391 ... -0.70296651 -0.70220368
 -0.70082022]",[0. 0. 0. ... 0. 0. 0.],"[-0.16278911 -0.16479537 -0.16703937 ...  0.04820908  0.04536832
  0.04256241]",[1. 1. 1. ... 0. 0. 0.],"[  8.99997723   9.00011285   9.00148862 ... 923.84753636 923.89276065
 923.94571285]","[-13.00002661 -12.99993526 -12.99847999 ... 244.9803376  245.17046663
 245.3395131 ]",[0.94229979 0.94337432 0.94445133 ... 0.91311496 0.91254813 0.9119969 ],[0. 0. 0. ... 0. 0. 0.],[0. 1. 1. ... 1. 1. 1.],[0. 0. 0. ... 1. 1. 1.]
P02,S1,V4,E3,28032014,1090465410885705.8,[0. 4. 4. ... 4. 4. 4.],[0.07889136 0.07890076 0.07889814 ... 0.05609155 0.05630269 0.05650305],97376051464619.11,[0.07516236 0.07518222 0.07519618 ... 0.09119882 0.09150677 0.09181833],"[[ 0.  2.  6.  4.  3.]
 [ 0.  0. 15.  0.  0.]
 [ 7. 13.  0.  0.  1.]
 [ 5.  0.  0.  0.  0.]
 [ 2.  0.  0.  1.  0.]]","[-0.13799859 -0.1419386  -0.14584984 ...  0.08172753  0.08471233
  0.08749349]",[1. 1. 1. ... 0. 0. 0.],"[-0.03340966 -0.04228335 -0.04995215 ...  0.51288194  0.51006704
  0.5066984 ]",[0. 0. 0. ... 1. 1. 1.],"[-58.99997447 -58.99997833 -59.00158905 ... 978.40919276 978.47390183
 978.53985295]","[-83.99999264 -84.00003856 -84.00151968 ... 281.63096154 281.32197427
 281.00616563]",[0.9257466  0.92576316 0.92576874 ... 0.63882691 0.64100392 0.64321896],[0. 0. 0. ... 0. 0. 0.],[0. 1. 1. ... 2. 2. 2.],[0. 0. 0. ... 1. 1. 1.]
P11,S1,V4,E3,21032014,4019384651982910.5,[0. 0. 0. ... 4. 4. 4.],[0.16767852 0.16868487 0.16969124 ... 0.02890967 0.02939721 0.02989468],327136960314886.0,[0.02595178 0.02615491 0.02635941 ... 0.05735889 0.05973088 0.06213328],"[[ 0.  5.  9.  9.  8.]
 [ 1.  0. 16.  0.  0.]
 [12. 12.  0.  0.  1.]
 [ 8.  0.  0.  0.  3.]
 [ 9.  0.  0.  2.  0.]]",[0.84655724 0.84764948 0.84847335 ... 0.12639619 0.13357836 0.13881935],[0. 0. 0. ... 0. 0. 0.],"[ 7.02498921e-01  7.04123448e-01  7.06082717e-01 ... -9.29296348e-03
 -4.03904021e-03 -1.35943509e-04]",[0. 0. 0. ... 1. 1. 1.],"[ 3.36784081e-06  5.93063057e-05 -3.40655900e-05 ...  9.74435958e+02
  9.74152873e+02  9.73817743e+02]","[ 12.99999583  13.00002985  12.99997696 ... 271.20373785 271.57031071
 271.92211116]",[0.84844932 0.85007416 0.85167904 ... 0.74481907 0.74986345 0.75483795],[0. 0. 0. ... 1. 1. 1.],[0. 0. 0. ... 2. 2. 2.],[0. 0. 0. ... 0. 0. 0.]
P26,S1,V3,E3,31032014,2505445356011093.5,[0. 0. 0. ... 4. 4. 4.],[0.01440298 0.01440318 0.01440384 ... 0.00633394 0.0062459  0.00616795],144332336276397.72,[0.0830209  0.08290903 0.08279735 ... 0.04077498 0.04078263 0.04079029],"[[ 0.  2.  7. 10.  4.]
 [ 0.  0. 16.  0.  0.]
 [ 8. 14.  0.  0.  1.]
 [10.  0.  0.  0.  0.]
 [ 4.  0.  0.  0.  0.]]","[ 0.45622602  0.4551758   0.45470392 ... -0.08058863 -0.07930119
 -0.07768977]",[0. 0. 0. ... 0. 0. 0.],[0.05339335 0.05458136 0.0566965  ... 0.33380266 0.33544672 0.33674982],[0. 0. 0. ... 0. 0. 0.],"[-68.99996966 -68.99987603 -68.99856029 ... 953.95306186 953.93457478
 953.90845912]","[ -7.99999515  -7.99961154  -7.99102787 ... 289.09216858 289.11686753
 289.13845759]","[ 0.40061528  0.40128287  0.40193031 ... -0.29473833 -0.29646527
 -0.29811773]",[0. 0. 0. ... 1. 1. 1.],[0. 0. 0. ... 1. 1. 1.],[0. 0. 0. ... 0. 0. 0.]
P14,S2,V3,E3,02042014,820580970347987.2,[0. 0. 0. ... 4. 4. 4.],[0.01733282 0.01731999 0.01730662 ... 0.02329781 0.02334439 0.02338937],76737652341147.34,[0.01714037 0.01766069 0.01817836 ... 0.04518962 0.04500821 0.0448256 ],"[[ 0.  0.  8.  4.  4.]
 [ 0.  0. 14.  1.  0.]
 [ 7. 15.  0.  0.  0.]
 [ 5.  0.  0.  0.  0.]
 [ 3.  0.  0.  0.  0.]]",[0.24657866 0.24754291 0.24812825 ... 0.31640268 0.31720135 0.31869501],[0. 0. 0. ... 1. 1. 1.],[0.1983821  0.19997253 0.20140779 ... 0.19322106 0.1962352  0.19991944],[0. 0. 0. ... 0. 0. 0.],"[ -9.9999876   -9.99995938 -10.00003632 ... 475.98350051 475.9985244
 476.01044284]","[-15.99999267 -15.999973   -16.00002277 ... 314.99240856 314.94657323
 314.91824141]",[0.30034456 0.29712126 0.29369714 ... 0.83645655 0.83372597 0.8310542 ],[0. 0. 0. ... 1. 1. 1.],[0. 0. 0. ... 2. 2. 2.],[0. 0. 0. ... 0. 0. 0.]
P32,S1,V2,E2,14042014,5.815415853601993e+16,[0. 4. 4. ... 4. 4. 4.],[0.02528838 0.02537965 0.0254766  ... 0.00434828 0.00436929 0.00439354],3754450464966997.0,[0.02470455 0.02469794 0.02469365 ... 0.0025633  0.00256328 0.00256519],"[[ 0.  9. 13. 18. 27.]
 [ 0.  0. 15.  0.  0.]
 [22.  6.  0.  0.  0.]
 [18.  0.  0.  0.  1.]
 [26.  0.  0.  1.  0.]]","[-0.68758487 -0.69065921 -0.69443529 ...  0.10408637  0.08992055
  0.07428471]",[0. 0. 0. ... 0. 0. 0.],"[-0.22219342 -0.21985568 -0.21741073 ...  0.00746191 -0.00043956
 -0.00711238]",[1. 1. 1. ... 1. 1. 1.],"[ 3.00034113e-05  7.82419362e-05 -7.91257194e-05 ...  8.78772382e+02
  8.79948954e+02  8.81217271e+02]","[ -6.99999124  -6.99989828  -6.99854798 ... 295.86412597 295.47028092
 295.09425772]",[0.7598996  0.76081065 0.76168448 ... 0.14881827 0.15091517 0.15401684],[0. 0. 0. ... 1. 1. 1.],[0. 1. 1. ... 2. 2. 2.],[0. 0. 0. ... 0. 0. 0.]
P03,S1,V1,E1,24032014,2494905167862701.5,[0. 4. 4. ... 4. 4. 4.],[0.06176056 0.06173313 0.06170819 ... 0.03776257 0.03745889 0.03716156],112478040363104.06,[0.04436824 0.04431029 0.04425624 ... 0.06657674 0.06658109 0.06657235],"[[ 0.  3.  6. 11.  9.]
 [ 0.  0. 17.  0.  0.]
 [ 9. 13.  0.  0.  1.]
 [10.  0.  0.  0.  1.]
 [ 9.  1.  0.  0.  0.]]","[-0.03900671 -0.03340348 -0.0284378  ...  0.46013961  0.45574189
  0.45037185]",[0. 0. 0. ... 0. 0. 0.],"[ 0.18398456  0.18967187  0.19388772 ... -0.04056644 -0.05291838
 -0.06635463]",[0. 0. 0. ... 1. 1. 1.],"[-27.99998529 -27.99987557 -27.99842592 ... 949.63901827 949.50008567
 949.34389145]","[-66.00002422 -65.99982622 -65.99678905 ... 290.38145069 290.11751074
 289.82543738]",[0.96623023 0.9662792  0.96632587 ... 0.36845998 0.35886774 0.34897089],[0. 0. 0. ... 0. 0. 0.],[0. 1. 1. ... 1. 1. 1.],[1. 1. 1. ... 0. 0. 0.]
P12,S2,V4,E3,04042014,5750024357615054.0,[0. 0. 0. ... 4. 4. 4.],[0.13680236 0.13706173 0.13729282 ... 0.0186836  0.01872706 0.01876763],480884491308526.5,[0.03576896 0.03505285 0.03433702 ... 0.09927543 0.0992844  0.09929958],"[[ 0.  2. 11.  6.  2.]
 [ 1.  0. 16.  0.  0.]
 [11. 15.  0.  0.  1.]
 [ 6.  0.  0.  0.  2.]
 [ 2.  0.  0.  2.  0.]]","[-0.28735824 -0.2883887  -0.29018817 ... -0.69832287 -0.70084626
 -0.7036911 ]",[0. 0. 0. ... 1. 1. 1.],"[-0.06584986 -0.06213191 -0.05875066 ... -0.25174849 -0.24923228
 -0.24618557]",[0. 0. 0. ... 1. 1. 1.],"[ 35.00000265  35.00007432  34.99994379 ... 891.88725506 892.4140826
 892.94180787]","[ -3.00001364  -2.99983822  -2.99682536 ... 260.30566315 260.44931493
 260.61827412]",[0.23959792 0.23275051 0.22566484 ... 0.77062779 0.77155441 0.77241338],[0. 0. 0. ... 0. 0. 0.],[0. 0. 0. ... 3. 3. 3.],[0. 0. 0. ... 1. 1. 1.]
P08,S1,V3,E4,13062014,273837685457844.12,[0. 0. 0. ... 4. 4. 4.],[0.03206279 0.03206762 0.03209006 ... 0.01393093 0.01404136 0.01415987],13475090995132.463,[0.01788705 0.01768319 0.01750241 ... 0.0711982  0.07132628 0.07144905],"[[0. 0. 4. 3. 4.]
 [0. 0. 4. 0. 0.]
 [3. 4. 0. 0. 1.]
 [4. 0. 0. 0. 0.]
 [3. 0. 0. 1. 0.]]",[0.45614826 0.44915169 0.44192496 ... 0.35799377 0.35438841 0.35146049],[0. 0. 0. ... 0. 0. 0.],"[ 0.37183561  0.36673297  0.36070975 ... -0.25980364 -0.26872486
 -0.27888274]",[0. 0. 0. ... 0. 0. 0.],"[ -4.99996364  -4.99985716  -4.99860295 ... 913.7215979  914.16851987
 914.5881545 ]","[ 57.00000815  57.00002556  56.99997653 ... 288.98875424 288.78995722
 288.60001752]",[0.46280665 0.46011843 0.45797914 ... 0.36154902 0.35335356 0.34501233],[0. 0. 0. ... 1. 1. 1.],[0. 0. 0. ... 1. 1. 1.],[0. 0. 0. ... 0. 0. 0.]
P00,S1,V2,E2,27032014,579595459121580.5,[0. 0. 0. ... 4. 4. 4.],[0.0419527  0.04157287 0.04119676 ... 0.02123758 0.02109817 0.02097497],31250081916308.125,[0.12785653 0.1274085  0.12695768 ... 0.05798782 0.05769911 0.05740898],"[[ 0.  6.  6.  9.  8.]
 [ 1.  0. 15.  0.  0.]
 [10. 10.  0.  0.  1.]
 [11.  0.  0.  0.  0.]
 [ 6.  0.  0.  2.  0.]]",[0.58489734 0.58572804 0.58739631 ... 0.03821941 0.0431268  0.04827635],[0. 0. 0. ... 0. 0. 0.],[0.35179069 0.34986385 0.34799957 ... 0.07829873 0.0996391  0.12182096],[0. 0. 0. ... 0. 0. 0.],"[-35.99994987 -35.9999354  -36.00008487 ... 921.06728967 920.77162051
 920.45561059]","[ -5.99998641  -5.99999053  -6.00000869 ... 281.7952393  282.20217632
 282.61241593]",[0.90233737 0.90215744 0.90198115 ... 0.94895507 0.94814396 0.9470967 ],[0. 0. 0. ... 0. 0. 0.],[0. 0. 0. ... 1. 1. 1.],[0. 0. 0. ... 1. 1. 1.]
P09,S1,V2,E2,21032014,404500072006730.8,[0],[0.01110898 0.01088021 0.01065941 ... 0.08482719 0.08455319 0.08426951],26702179865289.418,[0.0888851  0.08659798 0.08434007 ... 0.15176351 0.15151309 0.15125505],[[0]],"[ 0.96058602  0.95104672  0.94111068 ... -0.08452416 -0.08399496
 -0.08332121]",[0],[0.05138052 0.04630128 0.04063174 ... 0.14520331 0.14403887 0.14226496],[0],"[-20.9999639  -21.0000177  -21.00172628 ... 894.99724387 894.99013322
 894.98538241]","[ 41.00000999  40.9999364   40.9983297  ... 291.24962501 291.09186429
 290.91817627]",[0.78523408 0.77852134 0.7715901  ... 0.8997675  0.89947195 0.89917616],[0],[0],[0]
P29,S1,V3,E4,04042014,2.3498204396015212e+16,[0. 0. 0. ... 4. 4. 4.],[0.00727283 0.00718024 0.00708866 ... 0.05422834 0.05435846 0.05450661],1395543950330023.8,[0.0052761  0.00524311 0.00521239 ... 0.20051768 0.20120863 0.20189274],"[[ 0.  1. 16. 15. 27.]
 [ 1.  0.  6.  0.  0.]
 [16.  6.  0.  0.  0.]
 [16.  0.  0.  0.  2.]
 [25.  0.  0.  3.  0.]]","[ 0.10142653  0.1061953   0.11036745 ... -0.31433476 -0.31418669
 -0.31384101]",[0. 0. 0. ... 1. 1. 1.],"[ 0.11566227  0.11754582  0.11875306 ... -1.97579385 -1.98475153
 -1.99440585]",[0. 0. 0. ... 1. 1. 1.],"[  6.00001137   6.00009824   6.00146554 ... 481.84514579 481.82730391
 481.77130428]","[-11.99999095 -11.99998151 -12.00001945 ... 263.64548722 263.84100774
 264.0322103 ]",[0.78591105 0.78440067 0.78302503 ... 0.87170095 0.8720425  0.87239521],[0. 0. 0. ... 1. 1. 1.],[0. 0. 0. ... 4. 4. 4.],[0. 0. 0. ... 1. 1. 1.]
P02,S1,V3,E4,28032014,310311220496019.5,[0. 0. 0. ... 4. 4. 4.],[0.03735793 0.03731681 0.03727356 ... 0.02049042 0.02047936 0.02046861],34869116112399.688,[0.01565965 0.01567493 0.01568887 ... 0.03983762 0.03983374 0.03983035],"[[0. 2. 7. 7. 3.]
 [1. 0. 6. 0. 0.]
 [7. 5. 0. 0. 1.]
 [7. 0. 0. 0. 1.]
 [3. 0. 0. 1. 0.]]","[ 0.23795912  0.23885557  0.23988358 ... -0.19002858 -0.19648073
 -0.20320706]",[0. 0. 0. ... 0. 0. 0.],"[ 0.50408498  0.50317703  0.50231407 ... -0.01939904 -0.01464129
 -0.00839103]",[0. 0. 0. ... 1. 1. 1.],"[-11.99998125 -11.99993393 -12.00005752 ... 930.56988604 930.57543741
 930.56717034]","[  5.00001176   5.00002437   4.99997176 ... 270.39319068 270.1758164
 269.9358119 ]",[0.70962515 0.71055102 0.71143052 ... 0.0756257  0.0748073  0.07408852],[0. 0. 0. ... 1. 1. 1.],[0. 0. 0. ... 2. 2. 2.],[0. 0. 0. ... 0. 0. 0.]
P31,S1,V4,E3,11042014,1517402116970265.2,[2. 4. 4. ... 4. 4. 4.],[0.03230768 0.03190193 0.03149499 ... 0.15768567 0.15628566 0.15487973],125104961269764.97,[0.14846301 0.14754821 0.1466224  ... 0.65447479 0.65348362 0.65242707],"[[ 0.  2.  3.  4.  0.]
 [ 0.  0. 11.  0.  0.]
 [ 5.  9.  0.  0.  2.]
 [ 4.  0.  0.  0.  0.]
 [ 0.  0.  1.  0.  0.]]",[0.06645363 0.06733885 0.06815182 ... 0.45639701 0.43408392 0.41225145],[0. 0. 0. ... 1. 1. 1.],"[ 0.15643988  0.15635464  0.15977628 ... -0.26522489 -0.26868286
 -0.2709628 ]",[1. 1. 1. ... 1. 1. 1.],"[ -1.99997477  -1.99988723  -1.99854586 ... 880.56223026 881.89655915
 883.26194637]","[ -1.9999529   -1.99988396  -1.99700421 ... 291.07006345 290.48555818
 289.90109643]",[0.90725758 0.90540313 0.90339312 ... 0.73808258 0.73693024 0.73578957],[0. 0. 0. ... 0. 0. 0.],[0. 1. 1. ... 2. 2. 2.],[0. 0. 0. ... 0. 0. 0.]
P17,S2,V2,E1,04042014,1.8663679091124668e+16,[0. 0. 0. ... 4. 4. 4.],[0.02062551 0.02063815 0.02065016 ... 0.03314642 0.0332014  0.03325456],1362287856965309.5,[0.0584635  0.05885155 0.05924396 ... 0.0056718  0.00576667 0.00586306],"[[ 0.  5. 14. 11. 12.]
 [ 2.  0. 13.  0.  0.]
 [17. 10.  0.  0.  0.]
 [11.  0.  0.  0.  1.]
 [11.  0.  0.  1.  0.]]","[-0.70900735 -0.70896163 -0.71003331 ... -0.05024423 -0.05223164
 -0.05550366]",[0. 0. 0. ... 0. 0. 0.],"[-0.41724438 -0.41805476 -0.41997812 ... -0.44854444 -0.44580189
 -0.4426346 ]",[0. 0. 1. ... 0. 0. 0.],"[ 15.00002617  15.0000675   14.99993214 ... 900.59748664 901.04509746
 901.4427634 ]","[  5.99999792   6.00002896   5.99997432 ... 280.94588799 281.03502626
 281.15685728]","[ 0.86005044  0.8592886   0.85846934 ... -0.13908825 -0.12927092
 -0.11959327]",[0. 0. 1. ... 1. 1. 1.],[0. 0. 0. ... 2. 2. 2.],[0. 0. 0. ... 1. 1. 1.]
P30,S1,V3,E3,07042014,3273859326714333.0,[2. 4. 4. ... 4. 4. 4.],[0.00509677 0.00509623 0.00509597 ... 0.03068312 0.03065977 0.03063555],213808874673732.84,[0.00197718 0.0020022  0.00203195 ... 0.19823977 0.1978677  0.19749215],"[[ 0.  0. 11. 10.  3.]
 [ 0.  0.  7.  0.  0.]
 [10.  7.  0.  0.  2.]
 [11.  0.  0.  0.  1.]
 [ 3.  0.  0.  2.  0.]]",[0.08481922 0.08115037 0.07777782 ... 0.23658887 0.22967069 0.22252052],[0. 0. 0. ... 0. 0. 0.],"[-0.06190358 -0.07156759 -0.07964457 ... -0.31998599 -0.31693675
 -0.31424322]",[1. 1. 1. ... 1. 1. 1.],"[ 20.00002412  19.99997709  19.99849084 ... 887.38869411 888.11366615
 888.88867354]","[ -7.99998114  -7.9999985   -7.99999733 ... 285.50511523 285.38033023
 285.22194386]",[0.65485608 0.64882791 0.64272557 ... 0.71303139 0.71144992 0.70992942],[0. 0. 0. ... 1. 1. 1.],[0. 1. 1. ... 2. 2. 2.],[0. 0. 0. ... 0. 0. 0.]
P06,S1,V3,E3,27032014,330370180228593.25,[0. 0. 0. ... 4. 4. 4.],[0.00668466 0.00667465 0.00666636 ... 0.04439926 0.04429562 0.04419138],19682265143594.15,[0.02140282 0.02137671 0.02135228 ... 0.06205146 0.06195808 0.06186769],"[[ 0.  3.  6.  6. 15.]
 [ 0.  0.  8.  0.  0.]
 [ 8.  5.  0.  0.  1.]
 [ 6.  0.  0.  0.  1.]
 [15.  0.  0.  1.  0.]]","[ 0.25886892  0.25652107  0.2541809  ... -0.18098848 -0.18164657
 -0.18182749]",[0. 0. 0. ... 0. 0. 0.],[0.22548726 0.21951023 0.21364841 ... 0.09620434 0.09321942 0.09131095],[0. 0. 0. ... 0. 0. 0.],"[ 14.00002887  14.00008511  13.99991946 ... 926.2743454  926.28765496
 926.27454144]","[-12.00001298 -12.00005013 -12.00150054 ... 262.9934795  263.26296479
 263.51159103]",[0.13456911 0.13166206 0.12892634 ... 0.92399928 0.92305672 0.92214079],[0. 0. 0. ... 0. 0. 0.],[0. 0. 0. ... 1. 1. 1.],[0. 0. 0. ... 1. 1. 1.]
P04,S1,V4,E3,26032014,4333774432988626.5,[0. 4. 4. ... 0. 0. 0.],[0.20295112 0.20324976 0.20352608 ... 0.06114617 0.06150475 0.06187309],209702465830472.84,[0.20802714 0.20789476 0.20775589 ... 0.08116449 0.08067621 0.08018527],"[[ 0.  2.  3.  6.  1.]
 [ 1.  0. 31.  0.  0.]
 [ 5. 30.  0.  0.  0.]
 [ 6.  0.  0.  0.  0.]
 [ 0.  0.  1.  0.  0.]]",[0.23125017 0.23106966 0.23046037 ... 0.90672222 0.90739205 0.90824388],[1. 1. 1. ... 0. 0. 0.],[0.55274639 0.55060997 0.54814482 ... 0.74035825 0.74591398 0.75120905],[0. 0. 0. ... 0. 0. 0.],"[ -33.000018    -32.99999222  -33.00153794 ... 1012.69886903 1012.76029052
 1012.822251  ]","[-23.00000683 -22.99999416 -22.9999927  ... 269.39168482 269.27691411
 269.17174565]","[ 0.94226334  0.94271699  0.94316376 ... -0.14062263 -0.14039032
 -0.13998143]",[0. 0. 0. ... 0. 0. 0.],[0. 1. 1. ... 0. 0. 0.],[0. 0. 0. ... 0. 0. 0.]
P24,S1,V2,E2,28032014,5935900954550461.0,[0. 0. 0. ... 4. 4. 4.],[0.01071251 0.01071291 0.01071352 ... 0.01169796 0.01162117 0.0115446 ],621601672342614.4,[0.01281146 0.01282299 0.01283386 ... 0.00776394 0.00769805 0.00763264],"[[ 0.  2. 13. 12.  8.]
 [ 2.  0. 16.  0.  0.]
 [13. 16.  0.  0.  0.]
 [11.  0.  0.  0.  1.]
 [ 8.  0.  0.  0.  0.]]","[ 0.01293505  0.01659165  0.0212454  ... -1.06509653 -1.06436164
 -1.06343127]",[0. 0. 0. ... 0. 0. 0.],"[-8.24921381e-03 -4.36343022e-03 -4.33770977e-04 ... -5.36085719e-01
 -5.36877277e-01 -5.37932582e-01]",[0. 0. 0. ... 1. 1. 1.],"[-15.99999625 -16.00001483 -16.00154305 ... 541.99995271 542.00002353
 542.00005223]","[ -9.00000971  -8.99990707  -8.99853072 ... 292.25836508 292.19796451
 292.13697127]",[0.64247981 0.64196216 0.64144414 ... 0.72667802 0.72461197 0.72251692],[0. 0. 0. ... 1. 1. 1.],[0. 0. 0. ... 3. 3. 3.],[0. 0. 0. ... 1. 1. 1.]
P03,S1,V2,E2,24032014,672787874355201.1,[2. 4. 4. ... 4. 4. 4.],[0.0505225  0.05047973 0.05044327 ... 0.02488346 0.02506583 0.02525237],37041125679812.48,[0.06548158 0.06576538 0.0660514  ... 0.08947949 0.08957444 0.08967036],"[[ 0.  2.  4.  8.  1.]
 [ 0.  0. 13.  0.  0.]
 [ 5. 11.  0.  0.  2.]
 [ 7.  0.  0.  0.  2.]
 [ 3.  0.  0.  1.  0.]]","[-0.50673327 -0.50766841 -0.5072848  ...  0.30564496  0.30520398
  0.30355028]",[0. 0. 0. ... 0. 0. 0.],"[-0.37365186 -0.37376914 -0.37307414 ...  0.22075224  0.22468186
  0.2276575 ]",[0. 0. 0. ... 0. 0. 0.],"[ 24.00008011  24.00007975  23.999871   ... 896.37753213 896.77960999
 897.21806128]","[-43.9999764  -43.99998506 -44.00003585 ... 280.87382473 280.68592807
 280.48390179]",[0.87523404 0.87578536 0.87634674 ... 0.67581619 0.67691857 0.67797416],[0. 0. 0. ... 1. 1. 1.],[0. 1. 1. ... 1. 1. 1.],[1. 1. 1. ... 0. 0. 0.]
P18,S2,V2,E1,03042014,1.0658174349054434e+16,[0. 0. 0. ... 4. 4. 4.],[0.03109176 0.03104007 0.03098754 ... 0.02287655 0.02285555 0.02283409],1007193111929415.0,[0.20136393 0.20206485 0.20274432 ... 0.02622604 0.02608037 0.02593341],"[[ 0.  3.  9. 11. 11.]
 [ 1.  0. 26.  0.  0.]
 [11. 23.  0.  0.  1.]
 [11.  0.  0.  0.  1.]
 [10.  1.  0.  1.  0.]]",[0.4269041  0.42758505 0.42802197 ... 0.3166176  0.31554618 0.31477679],[0. 0. 0. ... 0. 0. 0.],[0.35331486 0.35389952 0.35491233 ... 0.05136738 0.05124625 0.05147067],[0. 0. 0. ... 0. 0. 0.],"[ 22.00002782  22.00014561  22.00141802 ... 958.65498463 958.99781774
 959.35622345]","[ 7.42235644e-06  2.11564537e-05 -2.04361788e-05 ...  3.02027010e+02
  3.02067639e+02  3.02106483e+02]",[0.94366283 0.94358581 0.94353051 ... 0.68233997 0.68192717 0.68150375],[0. 0. 0. ... 1. 1. 1.],[0. 0. 0. ... 1. 1. 1.],[0. 0. 0. ... 0. 0. 0.]
P25,S1,V3,E4,28032014,1211228656128506.2,[0. 4. 4. ... 4. 4. 4.],[0.00809936 0.00807845 0.00805658 ... 0.28624767 0.28642825 0.28660177],159187583913910.72,[0.00249939 0.00249675 0.00249462 ... 0.1864098  0.186822   0.1872097 ],"[[ 0.  2.  4.  6.  3.]
 [ 0.  0. 14.  0.  0.]
 [ 5. 12.  0.  0.  1.]
 [ 6.  0.  0.  0.  0.]
 [ 3.  0.  0.  0.  0.]]","[-0.10148718 -0.10638237 -0.11107755 ... -0.04681059 -0.06040535
 -0.07459592]",[0. 0. 0. ... 0. 0. 0.],"[-0.1058345  -0.10530341 -0.10620902 ...  0.18254351  0.17668259
  0.17189518]",[1. 1. 1. ... 1. 1. 1.],"[ 12.00002219  11.99997647  11.99835305 ... 883.09930097 884.37275037
 885.60407618]","[  7.00001047   7.00025756   7.00481959 ... 283.84547861 283.60562643
 283.4047867 ]",[0.22646446 0.2251003  0.22385557 ... 0.94808955 0.94799984 0.94791306],[0. 0. 0. ... 0. 0. 0.],[0. 2. 2. ... 2. 2. 2.],[1. 1. 1. ... 1. 1. 1.]
P14,S2,V2,E1,02042014,2.7611162797028276e+16,[0. 4. 4. ... 4. 4. 4.],[0.04977749 0.04976108 0.04974439 ... 0.00598131 0.00591491 0.00584786],2039333374878476.0,[0.06508863 0.0649179  0.06473382 ... 0.00223693 0.00229394 0.00235367],"[[ 0.  7.  7. 13. 15.]
 [ 3.  0. 19.  0.  0.]
 [11. 15.  0.  0.  0.]
 [13.  0.  0.  0.  0.]
 [14.  0.  0.  0.  0.]]","[-0.35023496 -0.33811241 -0.3273383  ...  0.31685072  0.32059357
  0.32409465]",[0. 0. 0. ... 0. 0. 0.],"[-0.09254521 -0.0943129  -0.09505191 ...  0.36860882  0.36778229
  0.36601901]",[1. 1. 1. ... 0. 0. 0.],"[  9.99999293   9.99999851   9.99846451 ... 923.47006687 923.55941021
 923.62794907]","[ -3.00000057  -2.99989973  -2.99854914 ... 287.97985844 287.99672981
 288.0063774 ]",[0.75769413 0.75698723 0.75626121 ... 0.46641542 0.46249079 0.45866593],[0. 0. 0. ... 1. 1. 1.],[0. 2. 2. ... 1. 1. 1.],[1. 1. 1. ... 0. 0. 0.]
P23,S1,V2,E2,31032014,6442572806929429.0,[0. 0. 0. ... 4. 4. 4.],[0.00892342 0.00881487 0.00870924 ... 0.03187342 0.0317501  0.03162469],648548874934735.9,[0.01424886 0.0141814  0.01411381 ... 0.00193112 0.00193055 0.00193133],"[[ 0.  1.  7.  7.  5.]
 [ 0.  0. 26.  0.  0.]
 [ 8. 25.  0.  0.  0.]
 [ 7.  0.  0.  0.  0.]
 [ 4.  0.  0.  0.  0.]]","[-0.0634338  -0.06276214 -0.06279789 ...  0.02302362  0.01347131
  0.00456273]",[0. 0. 0. ... 1. 1. 1.],"[-0.20795511 -0.20558762 -0.20442995 ... -0.30177241 -0.29740036
 -0.29354488]",[0. 0. 0. ... 0. 0. 0.],"[  7.99999298   8.00007111   7.99994476 ... 916.38507679 916.79783678
 917.17935497]","[-16.00001365 -15.99998253 -16.00000563 ... 272.37410689 271.89735122
 271.44335148]","[ 0.28950047  0.28273767  0.27589384 ... -0.60611366 -0.60292191
 -0.59911804]",[0. 0. 0. ... 1. 1. 1.],[0. 0. 0. ... 2. 2. 2.],[0. 0. 0. ... 0. 0. 0.]
P08,S1,V2,E2,13062014,195010489183696.9,[1. 1. 1. ... 0. 0. 0.],[0.02904967 0.02895922 0.02887103 ... 0.03228199 0.03229345 0.03230224],8443041893868.62,[0.08458433 0.08469817 0.08481505 ... 0.06664661 0.06659414 0.06654062],"[[ 0.  0.  3.  1.  1.]
 [ 1.  0. 10.  0.  0.]
 [ 3. 10.  0.  0.  0.]
 [ 1.  0.  0.  0.  0.]
 [ 1.  0.  0.  0.  0.]]",[0.59928715 0.59180875 0.5851473  ... 0.07927918 0.08089485 0.08179414],[0. 0. 0. ... 0. 0. 0.],[0.5129612  0.50950618 0.50609146 ... 0.29877121 0.28885856 0.27907715],[0. 0. 0. ... 0. 0. 0.],"[  5.00002762   5.0001461    5.00159276 ... 912.12726342 912.17124153
 912.22385486]","[ 67.00003343  67.00003439  66.99993926 ... 303.72978806 303.8711175
 303.98257448]",[0.78151317 0.78148575 0.78146981 ... 0.54584981 0.54776781 0.54958197],[0. 0. 0. ... 0. 0. 0.],[0. 0. 0. ... 0. 0. 0.],[0. 0. 0. ... 0. 0. 0.]
P27,S1,V4,E3,03042014,4.791555796766467e+17,[0. 4. 4. ... 0. 0. 0.],[0.01444566 0.01458625 0.01473175 ... 0.00096856 0.00097856 0.00098725],2.919667214631108e+16,[0.00505886 0.00498969 0.00492199 ... 0.01341917 0.01340171 0.0133855 ],"[[ 0.  4. 25. 23. 28.]
 [ 7.  0. 22.  0.  0.]
 [23. 25.  0.  0.  0.]
 [23.  0.  0.  0.  4.]
 [27.  0.  1.  4.  0.]]","[-0.18871772 -0.19255449 -0.19590601 ...  0.70310276  0.70588223
  0.70887632]",[0. 0. 0. ... 0. 0. 0.],"[-0.09572879 -0.09369838 -0.09301222 ...  0.3352881   0.33167562
  0.32810849]",[1. 1. 1. ... 0. 0. 0.],"[ 18.00000648  17.999944    17.99685369 ... 985.02463391 985.07934224
 985.14438602]","[ 1.45319381e-05  3.21847430e-05 -3.50661438e-05 ...  2.95795383e+02
  2.95892066e+02  2.95972115e+02]","[-0.05072875 -0.05916013 -0.06756982 ...  0.93059469  0.93019333
  0.93001449]",[0. 0. 0. ... 0. 0. 0.],[0. 1. 1. ... 0. 0. 0.],[0. 0. 0. ... 0. 0. 0.]
P13,S2,V4,E2,31032014,1.0817738234406964e+16,[0. 4. 4. ... 4. 4. 4.],[0.01468479 0.01468152 0.0146789  ... 0.0341357  0.03394105 0.033747  ],718977574780471.1,[0.0198115  0.01980528 0.01980525 ... 0.0219977  0.0219381  0.02187388],"[[ 0.  3.  9. 14.  4.]
 [ 0.  0. 21.  0.  0.]
 [12. 18.  0.  0.  0.]
 [14.  0.  0.  0.  0.]
 [ 3.  0.  0.  0.  0.]]",[0.92261366 0.93340022 0.94406985 ... 0.3781037  0.37972092 0.37914145],[0. 0. 0. ... 1. 1. 1.],"[ 0.30568941  0.30935628  0.30905995 ... -0.04198516 -0.04555368
 -0.04982764]",[1. 1. 1. ... 0. 0. 0.],"[ 34.99999668  35.00012612  35.00155077 ... 898.59136944 898.95744123
 899.30058145]","[ 45.00003299  45.00003591  44.99994151 ... 287.58820622 287.57635516
 287.56196198]",[0.49635784 0.4959409  0.49556842 ... 0.42617616 0.4144052  0.40233476],[0. 0. 0. ... 0. 0. 0.],[0. 1. 1. ... 2. 2. 2.],[0. 0. 0. ... 1. 1. 1.]
P15,S2,V2,E2,24032014,1.4922407844815254e+16,[1. 1. 1. ... 0. 0. 0.],[0.06384622 0.06394158 0.06403595 ... 0.00170486 0.0016797  0.00165532],813935189282804.6,[0.08594802 0.08581361 0.08569028 ... 0.00076907 0.00076942 0.0007698 ],"[[ 0.  5.  6. 12. 11.]
 [ 1.  0. 21.  0.  0.]
 [11. 16.  0.  0.  0.]
 [11.  0.  0.  0.  2.]
 [12.  0.  0.  1.  0.]]","[ 0.02223488  0.01561345  0.00941545 ... -0.25618832 -0.25600316
 -0.25512981]",[0. 0. 0. ... 0. 0. 0.],"[-0.41126433 -0.41671864 -0.42285674 ... -0.38641584 -0.38375918
 -0.38058029]",[0. 0. 0. ... 0. 0. 0.],"[ 27.00001458  27.00006265  26.9999498  ... 917.97158088 917.95022379
 917.92041269]","[  2.99999624   2.99993329   2.99843721 ... 258.34025725 258.45937606
 258.58180279]",[0.76637582 0.76822887 0.77010104 ... 0.63626961 0.64280122 0.64922438],[0. 0. 0. ... 0. 0. 0.],[0. 0. 0. ... 0. 0. 0.],[0. 0. 0. ... 0. 0. 0.]
P12,S2,V2,E1,04042014,1331088698139434.2,[0. 4. 4. ... 4. 4. 4.],[0.09324492 0.09334306 0.09343781 ... 0.02288397 0.02284574 0.02280521],175451518691553.1,[0.04390001 0.04393064 0.04396348 ... 0.13499257 0.13457441 0.13414349],"[[ 0.  2.  5.  4.  1.]
 [ 1.  0. 19.  0.  0.]
 [ 5. 18.  0.  0.  1.]
 [ 4.  0.  0.  0.  0.]
 [ 1.  0.  0.  0.  0.]]","[-0.89131954 -0.89842135 -0.90508324 ...  0.35717524  0.35548936
  0.355442  ]",[0. 0. 0. ... 1. 1. 1.],"[-0.49457611 -0.49451546 -0.49453452 ... -0.12344567 -0.12273827
 -0.12281154]",[1. 1. 1. ... 0. 0. 0.],"[ 32.0000106   31.99999394  31.99831958 ... 886.96512615 887.20876544
 887.47356375]","[  2.00001647   2.00018106   2.0031998  ... 278.01252727 278.02377372
 278.0508885 ]",[0.41581587 0.41442746 0.41302197 ... 0.81192563 0.81145671 0.81096409],[0. 0. 0. ... 1. 1. 1.],[0. 1. 1. ... 3. 3. 3.],[0. 0. 0. ... 1. 1. 1.]
P13,S2,V2,E1,31032014,6591474091731089.0,[0. 4. 4. ... 4. 4. 4.],[0.02118941 0.02130374 0.02141945 ... 0.02644148 0.02642854 0.0264167 ],326231461756428.44,[0.02576927 0.02577247 0.02577353 ... 0.00165131 0.00163379 0.00161642],"[[ 0.  2. 12. 11. 17.]
 [ 1.  0. 10.  0.  0.]
 [13.  9.  0.  0.  0.]
 [12.  0.  0.  0.  0.]
 [15.  0.  0.  1.  0.]]","[-0.73837037 -0.7454877  -0.75176855 ...  0.22450271  0.22359018
  0.22245486]",[0. 0. 0. ... 0. 0. 0.],"[-0.40332179 -0.4055864  -0.40831867 ...  0.66009074  0.66156344
  0.66327816]",[1. 1. 1. ... 0. 0. 0.],"[ 21.0000274   21.00007549  20.99992561 ... 906.99985935 906.99996558
 907.00000786]","[ -3.00001111  -2.99997839  -3.00000948 ... 290.99997205 291.00000976
 291.00002424]",[0.71422282 0.7102137  0.70617952 ... 0.70364143 0.70295468 0.70223972],[0. 0. 0. ... 1. 1. 1.],[0. 1. 1. ... 1. 1. 1.],[0. 0. 0. ... 0. 0. 0.]
P00,S1,V1,E1,27032014,1789883322848192.2,[0. 4. 4. ... 4. 4. 4.],[0.03592348 0.03556559 0.03520542 ... 0.02562095 0.02585307 0.02608107],116236860786170.84,[0.10379644 0.10345026 0.10311867 ... 0.02527933 0.02564896 0.02601905],"[[ 0.  4. 12. 13. 18.]
 [ 2.  0. 10.  0.  0.]
 [14.  8.  0.  0.  0.]
 [13.  0.  0.  0.  0.]
 [17.  0.  0.  0.  0.]]","[ 0.46169613  0.45319898  0.44445674 ... -0.48682287 -0.48469574
 -0.48276698]",[1. 1. 1. ... 0. 0. 0.],"[ 0.51595443  0.51714332  0.51540462 ... -0.27686053 -0.27357188
 -0.26961926]",[0. 0. 0. ... 0. 0. 0.],"[-22.99998734 -22.99984825 -22.99846943 ... 933.4253739  933.47800317
 933.49623084]","[ -7.0000066   -7.00005281  -7.00162629 ... 248.12021631 248.24911105
 248.37921126]",[0.78861702 0.78803903 0.787524   ... 0.72239687 0.72569945 0.72889264],[0. 0. 0. ... 0. 0. 0.],[0. 1. 1. ... 1. 1. 1.],[0. 0. 0. ... 1. 1. 1.]
P05,S1,V2,E2,26032014,3035122171330453.0,[0. 0. 0. ... 4. 4. 4.],[0.02325111 0.02337962 0.02350739 ... 0.03748149 0.03737473 0.03726653],227092739755755.78,[0.00731649 0.00735169 0.0073872  ... 0.10004755 0.09978521 0.09951443],"[[ 0.  0. 19. 14. 21.]
 [ 1.  0. 12.  0.  0.]
 [18. 13.  0.  0.  0.]
 [15.  0.  0.  0.  2.]
 [19.  0.  0.  3.  0.]]","[ 0.07634284  0.07843379  0.08022333 ... -0.06549184 -0.07162863
 -0.07892696]",[0. 0. 0. ... 1. 1. 1.],"[ 0.06269329  0.06429465  0.06557033 ... -0.24788678 -0.25335534
 -0.25882792]",[0. 0. 0. ... 0. 0. 0.],"[ -5.9999974   -6.00013967  -6.00470313 ... 896.68481467 897.67467108
 898.65977187]","[-16.00000114 -16.00005459 -16.00155608 ... 261.72431059 261.49665578
 261.28275807]",[0.73590219 0.7373727  0.73884312 ... 0.90994002 0.90930756 0.90865665],[0. 0. 0. ... 1. 1. 1.],[0. 0. 0. ... 2. 2. 2.],[0. 0. 0. ... 0. 0. 0.]
P07,S1,V1,E1,04042014,4340659851026044.0,[0. 0. 0. ... 4. 4. 4.],[0.01515755 0.01511756 0.0150774  ... 0.20498638 0.20458656 0.20417625],171702171874921.1,[0.07825605 0.08078612 0.08335299 ... 0.1202116  0.11925305 0.11828957],"[[ 0.  3.  8. 10. 13.]
 [ 0.  0. 10.  0.  0.]
 [11.  6.  0.  0.  1.]
 [ 9.  0.  0.  0.  2.]
 [13.  1.  0.  1.  0.]]","[ 0.5519012   0.55080036  0.5496347  ... -0.8420607  -0.83854246
 -0.83553626]",[0. 0. 0. ... 0. 0. 0.],"[-0.19540416 -0.19467791 -0.19469544 ... -0.88216709 -0.88045549
 -0.87910986]",[0. 0. 0. ... 1. 1. 1.],"[-37.99997189 -37.99993277 -38.00007135 ... 894.10505557 894.14923719
 894.20451046]","[ 69.00002287  69.00008728  69.0014692  ... 278.98814776 278.98364617
 278.98150631]","[ 0.51258084  0.51275345  0.51308364 ... -0.10489186 -0.10050771
 -0.09606338]",[0. 0. 0. ... 0. 0. 0.],[0. 0. 0. ... 2. 2. 2.],[0. 0. 0. ... 1. 1. 1.]
P06,S1,V2,E2,27032014,357714759231094.1,[0. 4. 4. ... 4. 4. 4.],[0.01489914 0.01498435 0.01506742 ... 0.02511419 0.02514646 0.02517753],19358412625955.9,[0.05748086 0.05754272 0.05760735 ... 0.02957804 0.02958204 0.0295841 ],"[[ 0.  3.  7.  7. 13.]
 [ 0.  0. 12.  0.  0.]
 [ 9.  9.  0.  0.  1.]
 [ 8.  0.  0.  0.  1.]
 [12.  0.  0.  2.  0.]]","[-0.10677898 -0.10617217 -0.10549171 ... -0.48509355 -0.47963965
 -0.47342853]",[1. 1. 1. ... 0. 0. 0.],"[-0.1820549  -0.18209355 -0.1815602  ... -0.31971361 -0.31810704
 -0.31615846]",[0. 0. 0. ... 0. 0. 0.],"[ 25.00002446  25.00006349  24.99993773 ... 925.13311111 925.093909
 925.05682764]","[-19.00001245 -18.99998569 -19.00000389 ... 239.07448845 239.62797671
 240.18113124]",[0.82645492 0.82621066 0.8260372  ... 0.74292214 0.74290566 0.74285559],[0. 0. 0. ... 0. 0. 0.],[0. 1. 1. ... 1. 1. 1.],[0. 0. 0. ... 1. 1. 1.]
P04,S1,V2,E2,26032014,802599187101073.1,[2. 4. 4. ... 4. 4. 4.],[0.02450607 0.02462194 0.02473566 ... 0.0165613  0.01656146 0.01656173],50602563084174.79,[0.02515897 0.02513194 0.02510097 ... 0.03310999 0.0330657  0.03303007],"[[ 0.  1.  8.  8.  4.]
 [ 0.  0. 14.  0.  0.]
 [10. 13.  0.  0.  1.]
 [ 8.  0.  0.  0.  0.]
 [ 3.  0.  1.  0.  0.]]",[0.10661182 0.11408823 0.12178119 ... 0.19971296 0.19588041 0.192929  ],[1. 1. 1. ... 0. 0. 0.],"[ 0.34246051  0.34777561  0.35505486 ... -0.07661275 -0.07723934
 -0.07719564]",[0. 0. 0. ... 0. 0. 0.],"[-39.9999752  -39.99993935 -40.00007572 ... 900.47048993 901.03926734
 901.58750405]","[-45.00000433 -44.99998931 -44.99999638 ... 280.04033674 280.07869241
 280.09954998]",[0.75956227 0.75831887 0.75706728 ... 0.89663597 0.89700371 0.89734885],[3. 3. 3. ... 1. 1. 1.],[1. 1. 1. ... 2. 2. 2.],[0. 0. 0. ... 1. 1. 1.]
P27,S1,V3,E4,03042014,3.3713030389982016e+17,[2. 4. 4. ... 4. 4. 4.],[0.00586057 0.00586429 0.00586758 ... 0.03158087 0.03152492 0.03145687],1.910520820273684e+16,[0.01394966 0.01428682 0.01463289 ... 0.06720906 0.06713265 0.06706142],"[[ 0.  8. 19. 17. 15.]
 [ 0.  0. 18.  0.  0.]
 [26. 10.  0.  0.  2.]
 [18.  0.  0.  0.  4.]
 [15.  0.  0.  5.  0.]]","[ 0.04046197  0.05809772  0.07664145 ... -0.181807   -0.18017921
 -0.17889072]",[0. 0. 0. ... 1. 1. 1.],"[ 0.1475626   0.14699286  0.14789089 ... -0.41221089 -0.40176408
 -0.38848878]",[1. 1. 1. ... 1. 1. 1.],"[ 11.00001206  11.00014565  11.00146437 ... 964.4313412  964.50473352
 964.55528351]","[ 10.00001514  10.00010301  10.00149683 ... 287.34662338 287.16800098
 287.00634691]",[0.21775171 0.20692098 0.19599347 ... 0.57569691 0.57484387 0.57386549],[0. 0. 0. ... 1. 1. 1.],[0. 1. 1. ... 3. 3. 3.],[0. 0. 0. ... 0. 0. 0.]
P17,S2,V4,E3,04042014,9607113901203340.0,[0. 0. 0. ... 4. 4. 4.],[0.02226124 0.02229287 0.02232285 ... 0.0389176  0.03890896 0.038903  ],598328545020014.9,[0.03859244 0.03907994 0.03956617 ... 0.03306932 0.03325293 0.03342309],"[[ 0.  8. 14. 14. 23.]
 [ 2.  0. 15.  0.  0.]
 [20.  9.  0.  0.  0.]
 [14.  0.  0.  0.  0.]
 [22.  0.  0.  0.  0.]]","[-0.64644265 -0.65104145 -0.65488103 ... -0.78895701 -0.79966362
 -0.81095335]",[0. 0. 0. ... 0. 0. 0.],"[-0.27818517 -0.28103615 -0.28353583 ... -0.51681869 -0.51733236
 -0.51905122]",[0. 0. 0. ... 1. 1. 1.],"[ 21.00000489  21.00004061  20.99997218 ... 676.21971283 676.11832454
 676.03359759]","[  2.99999849   3.0000736    3.00149493 ... 265.40086963 265.19833538
 264.99245655]","[ 0.68588105  0.68676656  0.68764061 ... -0.53440446 -0.53856508
 -0.54260429]",[0. 0. 0. ... 0. 0. 0.],[0. 0. 0. ... 2. 2. 2.],[0. 0. 0. ... 1. 1. 1.]
P11,S1,V2,E2,21032014,1386133357996179.2,[0. 0. 0. ... 4. 4. 4.],[0.04828504 0.04768603 0.04709764 ... 0.02071423 0.02107943 0.02146288],65904939924097.92,[0.09606067 0.09491174 0.09376621 ... 0.12268794 0.12329784 0.12394405],"[[ 0.  2.  8.  8.  2.]
 [ 1.  0. 15.  0.  0.]
 [ 8. 14.  0.  0.  1.]
 [ 8.  0.  0.  0.  0.]
 [ 2.  0.  0.  0.  0.]]","[ 8.77584913e-01  8.75005449e-01  8.72413909e-01 ... -1.75523792e-02
  7.01979995e-04  1.74846079e-02]",[0. 0. 0. ... 0. 0. 0.],[0.59739046 0.59134256 0.58545446 ... 0.07484854 0.08553752 0.09584744],[0. 0. 0. ... 1. 1. 1.],"[-24.99997752 -24.99993373 -25.00006297 ... 949.39111506 950.1828772
 950.94141673]","[ 30.00001076  30.00002836  29.99997147 ... 281.27601731 281.17305029
 281.08219735]",[0.7326088  0.72907533 0.72548588 ... 0.9128377  0.91196221 0.91110981],[0. 0. 0. ... 1. 1. 1.],[0. 0. 0. ... 2. 2. 2.],[0. 0. 0. ... 0. 0. 0.]
P23,S1,V4,E3,31032014,4813786844217137.0,[0. 0. 0. ... 4. 4. 4.],[0.0099267  0.00992718 0.00992791 ... 0.0198631  0.01985122 0.0198399 ],552642044108135.7,[0.00782368 0.00773825 0.00765383 ... 0.01945281 0.02036202 0.02127804],"[[ 0.  1.  7.  9.  2.]
 [ 1.  0. 22.  0.  0.]
 [ 7. 22.  0.  0.  0.]
 [ 9.  0.  0.  0.  0.]
 [ 1.  0.  0.  0.  0.]]","[ 0.04241725  0.04335226  0.04375034 ... -0.33801091 -0.34272306
 -0.34669848]",[0. 0. 0. ... 0. 0. 0.],[0.1806255  0.19029842 0.19973415 ... 0.00577562 0.01543378 0.02090969],[0. 0. 0. ... 0. 0. 0.],"[  6.00004494   6.000047     5.9999359  ... 912.28706723 912.48456292
 912.66819814]","[-27.99997652 -27.99985299 -27.99682892 ... 269.24938594 269.47203166
 269.71669468]","[-0.29017126 -0.29232428 -0.29404442 ...  0.34207657  0.329756
  0.31726884]",[0. 0. 0. ... 1. 1. 1.],[0. 0. 0. ... 2. 2. 2.],[0. 0. 0. ... 1. 1. 1.]
P26,S1,V2,E2,31032014,2811466209925244.0,[0. 4. 4. ... 4. 4. 4.],[0.02754709 0.02756111 0.0275727  ... 0.03643136 0.03628101 0.03612676],151973731944374.47,[0.09784807 0.09740934 0.09697868 ... 0.01509811 0.01501658 0.01493322],"[[ 0.  3. 12. 10. 13.]
 [ 0.  0.  7.  0.  0.]
 [16.  4.  0.  0.  0.]
 [ 9.  0.  0.  0.  2.]
 [12.  0.  1.  1.  0.]]","[ 0.60756114  0.60193991  0.59654125 ... -0.06267691 -0.06781851
 -0.07355346]",[1. 1. 1. ... 0. 0. 0.],[0.02871033 0.03208322 0.03427266 ... 0.30456506 0.30095282 0.29746748],[0. 0. 0. ... 0. 0. 0.],"[-56.00004502 -56.00004338 -56.00304968 ... 916.01254645 916.21931306
 916.42501992]","[ 14.99997212  14.99996401  14.99848366 ... 286.89581507 286.53787225
 286.17700814]","[ 0.81390631  0.81428845  0.81461375 ... -0.01815555 -0.0132681
 -0.00827042]",[0. 0. 0. ... 0. 0. 0.],[0. 1. 1. ... 1. 1. 1.],[0. 0. 0. ... 1. 1. 1.]
P32,S1,V4,E4,14042014,1.6841181322756016e+16,[0. 0. 0. ... 4. 4. 4.],[0.02002809 0.02001746 0.02000916 ... 0.07304183 0.0732676  0.07348915],1162163332793685.5,[0.01764988 0.01759365 0.01753118 ... 0.04331463 0.04286868 0.04242528],"[[ 0. 10. 10. 13. 34.]
 [ 4.  0. 17.  0.  0.]
 [16. 11.  0.  0.  0.]
 [13.  0.  0.  0.  1.]
 [33.  0.  0.  1.  0.]]","[-0.75123405 -0.74589751 -0.74059969 ... -1.2712207  -1.26061649
 -1.24912957]",[0. 0. 0. ... 0. 0. 0.],"[-0.06444907 -0.06249751 -0.06087007 ... -0.88351639 -0.88053746
 -0.87749147]",[0. 0. 0. ... 1. 1. 1.],"[  3.99996641   3.99988579   3.99686202 ... 571.47138538 571.4579191
 571.47873217]","[ -6.00002026  -5.99997116  -6.00002858 ... 269.46567203 269.85964741
 270.23984311]","[-0.02618425 -0.02488781 -0.023611   ... -0.42528894 -0.42025959
 -0.4149035 ]",[0. 0. 0. ... 1. 1. 1.],[0. 0. 0. ... 3. 3. 3.],[0. 0. 0. ... 1. 1. 1.]
P10,S1,V2,E2,02042014,940436049240586.0,[0. 0. 0. ... 4. 4. 4.],[0.01846213 0.01835279 0.0182395  ... 0.00095651 0.00095254 0.00095099],40128465460966.54,[0.11754108 0.1171858  0.11683973 ... 0.00325995 0.00325143 0.00324307],"[[ 0.  3.  4.  8.  6.]
 [ 1.  0. 18.  0.  0.]
 [ 6. 16.  0.  0.  0.]
 [ 8.  0.  0.  0.  0.]
 [ 5.  0.  0.  0.  0.]]",[0.69644697 0.69241416 0.68854073 ... 0.35959879 0.36090098 0.36210077],[0. 0. 0. ... 0. 0. 0.],[0.28890292 0.29282007 0.29594203 ... 0.25193551 0.25436097 0.25695042],[0. 0. 0. ... 0. 0. 0.],"[ 17.00004888  17.00000206  16.99834969 ... 983.03341118 983.11979307
 983.21643548]","[ 36.00000241  36.00000386  36.00001067 ... 278.97662867 278.95013578
 278.91249207]",[0.73475215 0.73294213 0.73108917 ... 0.94371084 0.94359848 0.94324056],[0. 0. 0. ... 1. 1. 1.],[0. 0. 0. ... 1. 1. 1.],[0. 0. 0. ... 0. 0. 0.]
P04,S1,V3,E4,26032014,2545256852955371.5,[0. 4. 4. ... 4. 4. 4.],[0.02373556 0.02369606 0.02365999 ... 0.01186659 0.01172778 0.01159175],157743976042479.84,[0.05949489 0.05945538 0.05941201 ... 0.02411897 0.02412131 0.02412178],"[[ 0.  8.  9.  7. 18.]
 [ 1.  0. 10.  0.  0.]
 [16.  3.  0.  0.  0.]
 [10.  0.  0.  0.  1.]
 [14.  0.  0.  4.  0.]]",[0.31916972 0.32402866 0.32927489 ... 0.29105816 0.28930621 0.28744142],[1. 1. 1. ... 1. 1. 1.],[0.48527242 0.48194768 0.47601135 ... 0.0725477  0.07074594 0.06914657],[0. 0. 3. ... 0. 0. 0.],"[-40.99997991 -40.999883   -40.99842951 ... 900.0907708  900.59833997
 901.04913587]","[-33.00001161 -32.99999026 -33.00000349 ... 278.50353905 278.26466353
 278.06813883]",[0.78296034 0.78139324 0.77976566 ... 0.66424316 0.66340417 0.66251698],[1. 1. 1. ... 1. 1. 1.],[0. 2. 2. ... 3. 3. 3.],[0. 0. 0. ... 1. 1. 1.]
P21,S2,V4,E3,11042014,4531341546227.7295,[0. 0. 0. ... 4. 4. 4.],[0.01134069 0.01142595 0.01151661 ... 0.09118468 0.0915243  0.09185675],493186808577.5251,[0.01954358 0.01940367 0.01926159 ... 0.36378887 0.36457556 0.36536783],"[[0. 3. 4. 5. 6.]
 [3. 0. 4. 0. 0.]
 [4. 4. 0. 0. 0.]
 [6. 0. 0. 0. 0.]
 [4. 0. 0. 1. 0.]]","[-0.83747472 -0.83920275 -0.8416866  ...  0.36891582  0.37863267
  0.38702488]",[0. 0. 0. ... 1. 1. 1.],"[-0.29770455 -0.29946054 -0.30080495 ...  0.50169057  0.50168845
  0.50157896]",[0. 0. 0. ... 1. 1. 1.],"[-3.00000248 -2.99992453 -2.9983455  ... 36.11118924 36.09433031
 36.07250167]","[-13.0000043  -12.99989273 -12.99838812 ... 239.11503618 239.07945902
 239.04437451]",[0.62741396 0.62572526 0.62396206 ... 0.88601797 0.88636301 0.88670429],[0. 0. 0. ... 1. 1. 1.],[0. 0. 0. ... 4. 4. 4.],[0. 0. 0. ... 1. 1. 1.]
P05,S1,V3,E3,26032014,2114760399649605.0,[2. 4. 4. ... 4. 4. 4.],[0.01197669 0.01197514 0.01197423 ... 0.01900273 0.01901546 0.01902356],135191495645244.61,[0.01160704 0.0116188  0.01162794 ... 0.05246049 0.05206374 0.05166852],"[[ 0.  3. 11. 10.  4.]
 [ 2.  0. 10.  0.  0.]
 [12.  9.  0.  0.  2.]
 [ 9.  0.  0.  0.  1.]
 [ 5.  0.  1.  0.  0.]]","[-0.14066734 -0.13633576 -0.13018289 ...  0.04729635  0.03680906
  0.027192  ]",[0. 0. 0. ... 1. 1. 1.],[0.06056515 0.06398602 0.06757712 ... 0.27624819 0.27398472 0.27129345],[1. 1. 1. ... 1. 1. 1.],"[  7.00003753   7.00007335   6.99991608 ... 897.5747123  897.96866523
 898.24970005]","[  8.99999305   9.00001949   8.99997186 ... 286.55727606 286.28404874
 286.00226759]",[0.52980818 0.53192724 0.53404119 ... 0.7367007  0.73268646 0.7285338 ],[0. 0. 0. ... 1. 1. 1.],[0. 1. 1. ... 4. 4. 4.],[0. 0. 0. ... 1. 1. 1.]
P30,S1,V2,E2,07042014,3492700783990450.5,[0. 4. 4. ... 4. 4. 4.],[0.02084179 0.02062814 0.02042083 ... 0.0157713  0.0157794  0.01578677],321064076537336.1,[0.0647821  0.0645327  0.06428645 ... 0.08461383 0.08583294 0.08703942],"[[ 0.  2.  8.  6. 11.]
 [ 0.  0.  4.  0.  0.]
 [10.  2.  0.  0.  0.]
 [ 6.  0.  0.  0.  5.]
 [10.  0.  0.  5.  0.]]","[-0.84460821 -0.84405131 -0.84430957 ...  0.45640432  0.45394639
  0.45159655]",[0. 0. 0. ... 0. 0. 0.],"[-0.44620172 -0.44474626 -0.44178046 ... -0.14316742 -0.14829983
 -0.15366027]",[1. 1. 1. ... 1. 1. 1.],"[ 18.00003042  18.00007395  17.9999223  ... 871.58619449 871.46425893
 871.34321983]","[  1.00000855   1.00015064   1.00297206 ... 294.54615329 294.83697938
 295.12701687]",[0.76996069 0.76908844 0.76820348 ... 0.52334216 0.52276961 0.52200758],[0. 0. 0. ... 1. 1. 1.],[0. 1. 1. ... 2. 2. 2.],[0. 0. 0. ... 0. 0. 0.]
P07,S1,V4,E4,04042014,2907177750083092.5,[0. 4. 4. ... 4. 4. 4.],[0.31407939 0.3133611  0.31261096 ... 0.12299894 0.12367065 0.12431761],113680512010154.28,[0.38208756 0.37886    0.37563589 ... 0.32630132 0.32502817 0.32379708],"[[ 0.  5.  3.  5.  3.]
 [ 1.  0. 19.  0.  0.]
 [ 7. 15.  0.  0.  1.]
 [ 5.  0.  0.  0.  0.]
 [ 2.  0.  1.  0.  0.]]","[-0.83780968 -0.82942412 -0.82240823 ... -0.52987392 -0.53395633
 -0.53980801]",[0. 0. 0. ... 0. 0. 0.],"[-0.57875682 -0.58600278 -0.59354412 ... -1.1043663  -1.0964314
 -1.08687182]",[1. 1. 1. ... 1. 1. 1.],"[  1.99998931   2.00005883   1.99998248 ... 898.12532439 898.46706537
 898.79889597]","[  4.99999817   5.00002404   4.99997612 ... 297.44543772 297.11523212
 296.77971363]",[0.92241517 0.92272413 0.92300361 ... 0.29979602 0.30726921 0.3146819 ],[1. 1. 1. ... 0. 0. 0.],[0. 3. 3. ... 1. 1. 1.],[1. 1. 1. ... 0. 0. 0.]
P14,S2,V4,E2,02042014,494494882838834.5,[0. 0. 0. ... 0. 0. 0.],[0.05719892 0.05770022 0.05820317 ... 0.01562821 0.01544893 0.01527589],42400624171068.22,[0.04753644 0.0473962  0.04724888 ... 0.11768018 0.11699833 0.11630923],"[[ 0.  3. 10. 13. 21.]
 [ 3.  0. 25.  0.  0.]
 [10. 25.  0.  0.  0.]
 [13.  0.  0.  0.  0.]
 [21.  0.  0.  0.  0.]]","[ 0.14168562  0.14429927  0.14658326 ... -1.10299087 -1.10366698
 -1.10540706]",[0. 0. 0. ... 0. 0. 0.],"[-0.05018437 -0.0521835  -0.05448276 ... -0.48211586 -0.48679472
 -0.49078322]",[0. 0. 0. ... 0. 0. 0.],"[ 11.00004439  11.00005372  10.9999268  ... 475.84183701 475.8562552
 475.88062936]","[-23.99998857 -23.99998248 -24.0000245  ... 221.02449357 221.35803313
 221.74681331]","[-0.91801766 -0.91542565 -0.91268968 ...  0.84937847  0.84853138
  0.84765905]",[0. 0. 0. ... 0. 0. 0.],[0. 0. 0. ... 0. 0. 0.],[0. 0. 0. ... 0. 0. 0.]
P27,S1,V2,E2,03042014,1.6366820934858592e+17,[0. 4. 4. ... 4. 4. 4.],[0.04652003 0.04656816 0.04661627 ... 0.01197352 0.01207812 0.01218394],8397824590572743.0,[0.00675228 0.00674865 0.0067454  ... 0.04683747 0.04686797 0.04688921],"[[ 0.  6. 13.  9. 47.]
 [ 2.  0.  7.  0.  0.]
 [17.  3.  0.  0.  0.]
 [12.  0.  0.  0.  3.]
 [43.  0.  0.  6.  0.]]","[ 0.03136688  0.03371244  0.03547802 ... -0.61225733 -0.60560107
 -0.59910208]",[1. 1. 1. ... 1. 1. 1.],"[ 0.19590411  0.19767859  0.20036853 ... -0.21784668 -0.2197815
 -0.21942001]",[0. 0. 0. ... 1. 1. 1.],"[  2.00003641   2.00006925   1.99993187 ... 977.31507889 977.71985922
 978.12076405]","[  8.00002033   8.00001865   7.99996434 ... 271.26993169 271.64344142
 272.00139594]",[0.61821248 0.61825799 0.61830005 ... 0.02070111 0.02529933 0.02972251],[0. 0. 0. ... 1. 1. 1.],[0. 1. 1. ... 3. 3. 3.],[0. 0. 0. ... 0. 0. 0.]
P11,S1,V3,E4,21032014,3310248096345988.5,[1. 1. 1. ... 4. 4. 4.],[0.01744906 0.01744956 0.01744963 ... 0.00875433 0.00883359 0.00891539],193749990869106.7,[0.01789362 0.01781754 0.01774441 ... 0.02305143 0.02299872 0.02295142],"[[ 0.  3.  6. 12.  3.]
 [ 0.  0. 12.  0.  0.]
 [ 9.  8.  0.  0.  1.]
 [11.  0.  0.  0.  1.]
 [ 4.  0.  0.  0.  0.]]","[-0.11286992 -0.10883791 -0.1045106  ...  0.17163584  0.18765202
  0.208732  ]",[0. 0. 0. ... 0. 0. 0.],[0.02387872 0.02674293 0.02971223 ... 0.06959729 0.07315162 0.07760207],[0. 0. 0. ... 1. 1. 1.],"[-1.94642464e-06 -6.70752064e-05 -3.16552968e-03 ...  9.16875881e+02
  9.18666692e+02  9.20365396e+02]","[-6.86226534e-06 -5.49075004e-05 -1.56206833e-03 ...  2.76979630e+02
  2.77805117e+02  2.78668134e+02]",[0.31311233 0.31378554 0.31450044 ... 0.23602117 0.2385453  0.24145686],[0. 0. 0. ... 1. 1. 1.],[0. 0. 0. ... 3. 3. 3.],[0. 0. 0. ... 1. 1. 1.]
P29,S1,V2,E2,04042014,6.244540481103967e+16,[0. 3. 3. ... 4. 4. 4.],[0.02688817 0.02677961 0.02666007 ... 0.03374847 0.03370572 0.03365045],3279871423661009.5,[0.03985327 0.03979146 0.03972973 ... 0.10644978 0.10675281 0.10702386],"[[ 0.  4. 16. 20. 14.]
 [ 2.  0. 13.  0.  0.]
 [17. 11.  0.  0.  1.]
 [20.  0.  0.  0.  0.]
 [14.  0.  0.  0.  0.]]","[-0.87401842 -0.87096202 -0.86789081 ...  0.19629293  0.17740285
  0.1573559 ]",[0. 0. 0. ... 1. 1. 1.],"[-0.6526975  -0.6553134  -0.65789925 ... -0.66823197 -0.66915822
 -0.6713266 ]",[2. 2. 2. ... 1. 1. 1.],"[ 21.00001486  21.00005876  20.99996652 ... 883.08239731 884.57744673
 886.01258658]","[ 17.99998848  18.00000409  18.00001455 ... 292.54189826 291.81303245
 291.08324207]","[ 0.66868106  0.66799318  0.66728578 ... -0.03020734 -0.03561874
 -0.04090938]",[0. 0. 0. ... 1. 1. 1.],[0. 1. 1. ... 3. 3. 3.],[0. 0. 0. ... 0. 0. 0.]
P19,S2,V4,E2,02042014,6752489895263683.0,[2. 4. 4. ... 4. 4. 4.],[0.02370265 0.02362594 0.02355924 ... 0.02108499 0.02105093 0.02101701],430756986926107.7,[0.12997297 0.13071994 0.13146143 ... 0.03068524 0.03116052 0.03163308],"[[ 0.  4.  6.  9.  5.]
 [ 2.  0. 16.  0.  0.]
 [ 8. 14.  0.  0.  2.]
 [ 8.  0.  0.  0.  2.]
 [ 6.  0.  1.  1.  0.]]","[ 0.8717978   0.8700627   0.86856435 ... -0.53927524 -0.53616697
 -0.53369221]",[1. 1. 1. ... 1. 1. 1.],"[ 0.78063417  0.77142746  0.76187072 ... -0.35646196 -0.35599997
 -0.353452  ]",[0. 0. 0. ... 1. 1. 1.],"[-32.99996792 -32.99987679 -32.99856073 ... 864.08496312 864.31132546
 864.53939162]","[ -4.99999053  -4.99990675  -4.99854327 ... 272.16594909 272.38079708
 272.57555899]","[ 0.68698883  0.69011485  0.69314222 ... -0.10092599 -0.09656941
 -0.09218041]",[1. 1. 1. ... 1. 1. 1.],[0. 2. 2. ... 3. 3. 3.],[0. 0. 0. ... 0. 0. 0.]
P31,S1,V3,E4,11042014,608502313585411.0,[2. 4. 4. ... 4. 4. 4.],[0.02054057 0.02068652 0.0208299  ... 0.07135122 0.07141513 0.0714804 ],44858417117277.78,[0.00539051 0.00543024 0.00547124 ... 0.14915968 0.14862423 0.14809082],"[[ 0.  0.  2.  2.  0.]
 [ 0.  0. 17.  0.  0.]
 [ 2. 17.  0.  0.  2.]
 [ 2.  0.  0.  0.  0.]
 [ 0.  0.  1.  0.  0.]]",[0.02521849 0.0266754  0.02955631 ... 0.02033041 0.01711489 0.01297574],[0. 0. 0. ... 1. 1. 1.],"[-0.05983845 -0.06470844 -0.07028347 ... -0.44418708 -0.44557655
 -0.4472647 ]",[1. 1. 1. ... 1. 1. 1.],"[ -0.99995758  -0.99995088  -1.00004899 ... 904.42714614 905.13684105
 905.82987947]","[ 9.70605255e-06  2.07227237e-05 -2.23725455e-05 ...  2.71492858e+02
  2.71392288e+02  2.71278733e+02]",[0.63624141 0.63910609 0.64199755 ... 0.58499841 0.58576845 0.58648591],[0. 0. 0. ... 0. 0. 0.],[0. 1. 1. ... 3. 3. 3.],[0. 0. 0. ... 1. 1. 1.]
P05,S1,V4,E4,26032014,4703967795134726.0,[0. 0. 0. ... 4. 4. 4.],[0.00067053 0.00065655 0.00064258 ... 0.02329968 0.02333345 0.02336691],313595656919496.4,[0.00229402 0.00229616 0.00229843 ... 0.04285686 0.04291906 0.04297861],"[[ 0.  2.  5.  6.  1.]
 [ 0.  0. 23.  0.  0.]
 [ 7. 21.  0.  0.  0.]
 [ 6.  0.  0.  0.  0.]
 [ 0.  0.  0.  0.  0.]]","[ 0.09731937  0.09642529  0.09626374 ... -0.00381936 -0.00171908
  0.00064588]",[0. 0. 0. ... 0. 0. 0.],[0.24640036 0.24727098 0.24839848 ... 0.2422251  0.24247234 0.24258044],[0. 0. 0. ... 0. 0. 0.],"[ -1.99997482  -1.99977134  -1.997002   ... 917.94089539 917.99150855
 918.01552227]","[-11.00001172 -11.00011235 -11.00311598 ... 264.95687222 264.96307359
 264.98479385]",[0.1053324  0.10877139 0.11211972 ... 0.89208397 0.89232311 0.89256285],[0. 0. 0. ... 1. 1. 1.],[0. 0. 0. ... 1. 1. 1.],[0. 0. 0. ... 0. 0. 0.]
P00,S1,V3,E4,27032014,916086098782935.2,[0. 0. 4. ... 4. 4. 4.],[0.12897362 0.12891418 0.12884729 ... 0.01375977 0.0137498  0.01374137],48633967096467.05,[0.15938107 0.1592627  0.15913715 ... 0.06618575 0.06616104 0.06613375],"[[ 0.  6.  6. 12. 18.]
 [ 1.  0. 13.  0.  0.]
 [11.  8.  0.  0.  0.]
 [10.  0.  0.  0.  5.]
 [19.  0.  0.  3.  0.]]",[0.26209862 0.25696773 0.25174436 ... 0.16875009 0.16350208 0.15861417],[0. 0. 0. ... 0. 0. 0.],[0.11323888 0.10329407 0.09102807 ... 0.11302493 0.11176389 0.11046411],[0. 1. 1. ... 0. 0. 0.],"[-10.99997035 -10.99993385 -11.00007135 ... 902.62136499 903.31678148
 904.01658173]","[-14.99999529 -15.00004065 -15.00151483 ... 259.7816015  259.54049277
 259.31559316]",[0.7571467  0.75695845 0.75675419 ... 0.9045273  0.90601566 0.90740863],[0. 0. 0. ... 1. 1. 1.],[0. 0. 1. ... 2. 2. 2.],[0. 0. 0. ... 1. 1. 1.]
P06,S1,V4,E4,27032014,749082640005448.0,[0. 0. 0. ... 4. 4. 4.],[0.00966546 0.0097477  0.00983358 ... 0.06459679 0.06456308 0.06453221],36909765901942.27,[0.17218146 0.17368278 0.17519256 ... 0.08290611 0.08284643 0.08278514],"[[ 0.  3.  7.  7.  6.]
 [ 1.  0. 19.  0.  0.]
 [ 8. 17.  0.  0.  1.]
 [ 7.  0.  0.  0.  0.]
 [ 6.  0.  0.  0.  0.]]","[-0.2213231  -0.22087974 -0.22092718 ... -0.63325541 -0.62980498
 -0.62581857]",[0. 0. 0. ... 1. 1. 1.],"[-0.10452304 -0.10027284 -0.09592189 ... -0.33808567 -0.3350989
 -0.33218715]",[0. 0. 0. ... 0. 0. 0.],"[ 31.0000199   30.99985178  30.99500249 ... 925.24133272 925.25776428
 925.24707588]","[-24.00000471 -24.00005687 -24.00165484 ... 231.40082879 231.72510524
 232.06408439]",[0.79168613 0.79494241 0.79806677 ... 0.93030997 0.93021577 0.9301384 ],[0. 0. 0. ... 0. 0. 0.],[0. 0. 0. ... 2. 2. 2.],[0. 0. 0. ... 1. 1. 1.]
P31,S1,V2,E2,11042014,759808766258287.2,[0. 0. 0. ... 4. 4. 4.],[0.06631998 0.0663092  0.06629657 ... 0.0465139  0.04647017 0.04643494],51667328007486.58,[0.17681518 0.17691035 0.17699606 ... 0.1800269  0.17939731 0.17874344],"[[ 0.  1.  0.  0.  0.]
 [ 0.  0. 19.  0.  0.]
 [ 0. 18.  0.  0.  1.]
 [ 0.  0.  0.  0.  0.]
 [ 0.  0.  0.  0.  0.]]",[0.06651689 0.06643278 0.06579289 ... 0.2023111  0.20520326 0.20665507],[0. 0. 0. ... 1. 1. 1.],"[ 0.10041934  0.10081537  0.10118366 ... -0.21461337 -0.22146243
 -0.228147  ]",[0. 0. 0. ... 1. 1. 1.],"[ -2.99996537  -3.0000611   -3.00306024 ... 913.31409844 913.43503525
 913.56412528]","[ 10.00001638  10.00002394   9.9999652  ... 290.09101876 290.054793
 289.96856787]",[0.92010602 0.92016645 0.92022375 ... 0.4670096  0.46520936 0.46341228],[0. 0. 0. ... 0. 0. 0.],[0. 0. 0. ... 3. 3. 3.],[0. 0. 0. ... 1. 1. 1.]
P09,S1,V1,E1,21032014,1212983457656911.5,[0. 4. 4. ... 4. 4. 4.],[0.01686791 0.01684227 0.01681958 ... 0.01763301 0.01766018 0.01768582],76746271015116.98,[0.11059225 0.11046685 0.11032845 ... 0.07607776 0.07652088 0.07696161],"[[ 0.  2.  9. 10. 11.]
 [ 0.  0.  8.  0.  0.]
 [12.  6.  0.  0.  0.]
 [12.  0.  0.  0.  1.]
 [ 7.  0.  1.  3.  0.]]","[-0.45566611 -0.46750659 -0.47981032 ...  0.51996504  0.51964977
  0.51895903]",[0. 0. 0. ... 0. 0. 0.],"[-0.30077858 -0.3073999  -0.31414988 ...  0.18252787  0.18004554
  0.17670767]",[1. 1. 1. ... 1. 1. 1.],"[  1.00000835   1.00007794   0.99994046 ... 996.6613983  997.20957031
 997.71984984]","[-23.99996908 -23.99992728 -23.99845202 ... 266.06274906 265.40039929
 264.69535008]",[0.77257011 0.77515326 0.77769582 ... 0.85566362 0.85553326 0.85537391],[0. 0. 0. ... 1. 1. 1.],[0. 1. 1. ... 2. 2. 2.],[0. 0. 0. ... 0. 0. 0.]
P28,S1,V4,E4,04042014,1.0115616165561126e+16,[0. 4. 4. ... 4. 4. 4.],[0.04592008 0.04591447 0.04590941 ... 0.00595883 0.00593639 0.00591514],595825010671761.8,[0.09246426 0.09253753 0.09261299 ... 0.08665564 0.08696459 0.08728121],"[[ 0.  7. 11. 10. 21.]
 [ 4.  0. 18.  0.  0.]
 [13. 15.  0.  0.  1.]
 [10.  0.  0.  0.  2.]
 [21.  0.  0.  2.  0.]]","[-0.94147025 -0.93887083 -0.93666413 ...  1.06172881  1.06741042
  1.07302566]",[0. 0. 0. ... 0. 0. 0.],"[-0.42834259 -0.4257829  -0.42314995 ...  0.25628328  0.25779075
  0.25928193]",[1. 1. 1. ... 1. 1. 1.],"[ 37.00004782  37.00008942  36.99989091 ... 926.64632181 926.70425998
 926.73172244]","[-1.46304835e-05  3.37970816e-05 -2.51518288e-05 ...  3.33212589e+02
  3.32940021e+02  3.32647841e+02]",[0.84066077 0.84031668 0.83997734 ... 0.07098032 0.07337815 0.07582357],[0. 0. 0. ... 0. 0. 0.],[0. 1. 1. ... 2. 2. 2.],[0. 0. 0. ... 1. 1. 1.]
P02,S1,V2,E2,28032014,180198020345015.97,[0. 4. 4. ... 4. 4. 4.],[0.03234391 0.0324295  0.03251009 ... 0.05444543 0.05394853 0.05344765],18554172964828.66,[0.03660877 0.03673976 0.03686546 ... 0.01269276 0.01269482 0.01269574],"[[0. 0. 2. 1. 2.]
 [0. 0. 7. 0. 0.]
 [3. 7. 0. 0. 0.]
 [1. 0. 0. 0. 0.]
 [0. 0. 1. 0. 0.]]","[ 0.09691819  0.0922292   0.08710817 ... -0.24747525 -0.25742001
 -0.26685936]",[0. 0. 0. ... 0. 0. 0.],[0.14711912 0.13968924 0.13288768 ... 0.28798449 0.27719685 0.26732422],[1. 1. 1. ... 1. 1. 1.],"[-14.99997878 -14.99993397 -15.00006102 ... 983.16272269 983.52874037
 983.86610192]","[ 16.00000574  16.00001521  15.99998467 ... 265.60541087 264.81259364
 264.02680913]",[0.90218725 0.90351356 0.90478362 ... 0.63443243 0.63695022 0.63952357],[0. 0. 0. ... 1. 1. 1.],[0. 1. 1. ... 2. 2. 2.],[0. 0. 0. ... 0. 0. 0.]
P21,S2,V3,E2,11042014,4729350914876018.0,[0. 0. 0. ... 0. 0. 0.],[0.0144234  0.01444589 0.01446826 ... 0.01757449 0.01769702 0.01782217],421574988181217.4,[0.0019774  0.00196048 0.00194526 ... 0.00352593 0.00352186 0.00351815],"[[ 0.  3.  9. 10. 17.]
 [ 1.  0. 14.  0.  0.]
 [11. 12.  0.  0.  0.]
 [11.  0.  0.  0.  0.]
 [16.  0.  0.  1.  0.]]",[0.17289304 0.1772023  0.18117602 ... 0.48672399 0.47725323 0.46984754],[0. 0. 0. ... 0. 0. 0.],[0.39684281 0.40221562 0.40995197 ... 0.44654261 0.44918349 0.44910123],[0. 0. 0. ... 0. 0. 0.],"[ -6.00001457  -5.99992044  -5.99850578 ... 292.70401739 291.17244549
 289.64218169]","[-15.0000065  -14.99991306 -14.99851886 ... 283.05600105 282.09605947
 281.14372169]",[0.71749124 0.72122421 0.72493038 ... 0.4206094  0.42063009 0.41993509],[0. 0. 0. ... 0. 0. 0.],[0. 0. 0. ... 0. 0. 0.],[0. 0. 0. ... 0. 0. 0.]
P05,S1,V1,E1,26032014,8926216688435455.0,[0. 4. 4. ... 4. 4. 4.],[0.01449769 0.01450157 0.01450507 ... 0.0160373  0.0159093  0.01578871],593574185232174.1,[0.01026718 0.01025342 0.01023889 ... 0.00473716 0.00470607 0.0046758 ],"[[ 0.  3. 13. 13. 17.]
 [ 2.  0. 11.  0.  0.]
 [14. 10.  0.  0.  0.]
 [14.  0.  0.  0.  0.]
 [15.  0.  0.  1.  0.]]","[-0.08203228 -0.07993513 -0.07795684 ...  0.12932959  0.1279234
  0.12570019]",[1. 1. 1. ... 0. 0. 0.],"[-0.17008432 -0.16823536 -0.16632994 ...  0.53029154  0.5340617
  0.53612155]",[0. 0. 0. ... 0. 0. 0.],"[ 17.00004033  17.00007074  16.99992465 ... 917.90431778 917.90400637
 917.92987721]","[ -4.0000122   -3.99998902  -3.99998935 ... 276.6094637  276.51364976
 276.42567606]","[ 0.86260607  0.86220398  0.86179787 ... -0.52498252 -0.52155118
 -0.51821186]",[0. 0. 0. ... 1. 1. 1.],[0. 1. 1. ... 2. 2. 2.],[0. 0. 0. ... 1. 1. 1.]
P11,S1,V1,E1,21032014,4032106962283517.0,[2. 4. 4. ... 4. 4. 4.],[0.02842286 0.02816516 0.02790906 ... 0.01235464 0.01251475 0.01267712],206006900268391.53,[0.13616858 0.13616939 0.13617396 ... 0.09430833 0.09434614 0.09438222],"[[ 0.  0. 10.  9.  3.]
 [ 1.  0. 10.  0.  0.]
 [ 9. 10.  0.  0.  2.]
 [ 7.  0.  0.  0.  2.]
 [ 5.  1.  0.  0.  0.]]","[ 0.14782007  0.14068772  0.1328719  ... -0.38400494 -0.38082542
 -0.37820802]",[0. 0. 0. ... 0. 0. 0.],[0.32282919 0.32066374 0.3159671  ... 0.16657404 0.16867925 0.16990798],[1. 1. 1. ... 1. 1. 1.],"[-25.999984   -25.99988303 -25.99855013 ... 942.87172652 943.46150589
 944.01754   ]","[ -3.99998471  -4.00003918  -4.00153073 ... 260.94166944 260.83474471
 260.7076919 ]",[0.4955935  0.49545006 0.49535847 ... 0.37640791 0.37133828 0.36639165],[0. 0. 0. ... 1. 1. 1.],[0. 1. 1. ... 3. 3. 3.],[0. 0. 0. ... 1. 1. 1.]
P07,S1,V3,E3,04042014,1010408400091895.8,[2. 4. 4. ... 4. 4. 4.],[0.01300424 0.01298326 0.01296097 ... 0.12385385 0.12321721 0.12253992],40325737523019.49,[0.09748412 0.09756663 0.09764853 ... 0.07040492 0.06996799 0.06950851],"[[ 0.  1.  9.  9.  4.]
 [ 1.  0.  9.  0.  0.]
 [10.  8.  0.  0.  1.]
 [ 9.  0.  0.  0.  0.]
 [ 3.  1.  0.  0.  0.]]","[-0.13072052 -0.13443926 -0.13920439 ... -0.13081985 -0.13561174
 -0.14046315]",[0. 0. 0. ... 0. 0. 0.],[0.17283966 0.17517217 0.17723649 ... 0.03199718 0.0285021  0.0243759 ],[1. 1. 1. ... 0. 0. 0.],"[-35.99998089 -35.99993788 -36.0000548  ... 955.9562487  955.92353748
 955.89459815]","[ 13.99999558  14.00001651  13.99999489 ... 282.68328619 282.61107736
 282.54715612]",[0.57217571 0.57302786 0.57391832 ... 0.86368426 0.86177856 0.85979609],[0. 0. 0. ... 1. 1. 1.],[0. 1. 1. ... 2. 2. 2.],[0. 0. 0. ... 1. 1. 1.]
P04,S1,V1,E1,26032014,3887968345068741.5,[0. 4. 4. ... 4. 4. 4.],[0.08465564 0.08296316 0.08130634 ... 0.11361102 0.11354193 0.11346891],236912015907909.56,[0.02738493 0.02710441 0.026827   ... 0.0923864  0.09248428 0.09258235],"[[ 0.  1. 12. 12. 16.]
 [ 4.  0. 11.  0.  0.]
 [ 9. 14.  0.  0.  0.]
 [13.  0.  0.  0.  1.]
 [14.  0.  0.  2.  0.]]","[-0.36040915 -0.35755819 -0.35504074 ...  0.38900779  0.38966367
  0.38998493]",[1. 1. 1. ... 1. 1. 1.],"[-0.68480884 -0.67378124 -0.66275226 ...  0.15117801  0.14886657
  0.14685614]",[0. 0. 0. ... 0. 0. 0.],"[-17.99998088 -17.99993887 -18.00005792 ... 886.07425035 886.09985302
 886.11046933]","[-44.99998513 -45.00004993 -45.00152378 ... 282.79277506 282.69575378
 282.57949404]",[0.93104064 0.93068833 0.93033226 ... 0.82303934 0.82358852 0.824149  ],[1. 1. 1. ... 0. 0. 0.],[0. 2. 2. ... 2. 2. 2.],[0. 0. 0. ... 1. 1. 1.]
P07,S1,V2,E2,04042014,4209769726128832.0,[0. 0. 0. ... 4. 4. 4.],[0.01249806 0.01242386 0.01234937 ... 0.20362358 0.20175834 0.19984433],186846251534023.06,[0.05170141 0.05125992 0.05083232 ... 0.20667532 0.20795583 0.2092306 ],"[[ 0.  7.  7. 12. 18.]
 [ 1.  0. 10.  0.  0.]
 [12.  4.  0.  0.  1.]
 [12.  0.  0.  0.  2.]
 [18.  0.  0.  2.  0.]]",[0.46966545 0.47775713 0.48580876 ... 0.82700455 0.82798464 0.82798788],[0. 0. 0. ... 0. 0. 0.],[0.30864184 0.30880884 0.30940631 ... 0.63752278 0.6360566  0.63457828],[0. 0. 0. ... 1. 1. 1.],"[-13.99997873 -13.99992484 -14.00009124 ... 900.59109173 900.48533075
 900.39203223]","[ 17.9999976   18.00009794  18.00158586 ... 308.01395879 308.00991778
 308.00584454]",[0.69450809 0.69151099 0.68841516 ... 0.71931805 0.7226004  0.72590792],[0. 0. 0. ... 0. 0. 0.],[0. 0. 0. ... 1. 1. 1.],[0. 0. 0. ... 0. 0. 0.]
P01,S1,V1,E1,21032014,2981133743435627.5,[0. 0. 0. ... 0. 0. 0.],[0.05765063 0.05756254 0.05747467 ... 0.04516016 0.04508401 0.04501198],158483646340299.3,[0.09229836 0.09204319 0.09180267 ... 0.09489467 0.09499243 0.09507523],"[[ 0.  3. 10.  8. 16.]
 [ 2.  0.  7.  0.  0.]
 [11.  6.  0.  0.  0.]
 [ 8.  0.  0.  0.  2.]
 [16.  0.  0.  2.  0.]]","[-0.64102131 -0.64166362 -0.64216599 ...  0.56034492  0.54701
  0.53197459]",[0. 0. 0. ... 0. 0. 0.],"[-0.29757867 -0.2929699  -0.28899249 ...  0.12611264  0.10963715
  0.09553103]",[0. 0. 0. ... 0. 0. 0.],"[ 2.30621439e-05  9.83717005e-06 -1.56469301e-03 ...  9.08479585e+02
  9.08741877e+02  9.09020960e+02]","[  7.00001491   7.00014408   7.00296625 ... 282.66918238 282.09177046
 281.4937697 ]",[0.94140976 0.94016557 0.93884597 ... 0.74481903 0.74336695 0.74182809],[0. 0. 0. ... 0. 0. 0.],[0. 0. 0. ... 0. 0. 0.],[0. 0. 0. ... 0. 0. 0.]
P17,S2,V3,E2,04042014,50655640966700.64,[0. 0. 0. ... 4. 4. 4.],[0.03806244 0.03795686 0.0378506  ... 0.02558156 0.02594257 0.02629999],3550332076584.3135,[0.06066779 0.06057943 0.06049195 ... 0.06297867 0.06290351 0.0628211 ],"[[ 0.  4.  7.  4. 10.]
 [ 0.  0. 10.  0.  0.]
 [11.  6.  0.  0.  0.]
 [ 5.  0.  0.  0.  1.]
 [ 8.  0.  0.  2.  0.]]","[-0.72743282 -0.72703037 -0.7259308  ...  0.4748796   0.46698159
  0.45966344]",[0. 0. 0. ... 1. 1. 1.],"[-0.45401311 -0.4539224  -0.45290355 ...  0.37966881  0.37860119
  0.37739079]",[0. 0. 0. ... 0. 0. 0.],"[ 13.00005942  13.00009729  13.00143127 ... 347.61305564 348.09528667
 348.5697432 ]","[  3.00004185   3.00009252   3.00144332 ... 290.02111914 289.73530366
 289.4491795 ]",[0.90507555 0.90475573 0.9044151  ... 0.20184084 0.20160031 0.20118819],[0. 0. 0. ... 1. 1. 1.],[0. 0. 0. ... 2. 2. 2.],[0. 0. 0. ... 0. 0. 0.]
P20,S2,V4,E2,10042014,3.450324121674309e+16,[0. 4. 4. ... 4. 4. 4.],[0.01665449 0.01666216 0.01667721 ... 0.02101895 0.02134349 0.02170312],2797389699702543.0,[0.0696943  0.0696836  0.06967905 ... 0.0004621  0.00046405 0.00046649],"[[ 0.  8. 14. 13. 16.]
 [ 0.  0. 19.  0.  0.]
 [22. 11.  0.  0.  0.]
 [13.  0.  0.  0.  0.]
 [15.  0.  0.  0.  0.]]","[-0.70558953 -0.70745913 -0.70836644 ...  0.28871789  0.28494822
  0.28072215]",[0. 0. 0. ... 1. 1. 1.],"[-0.15489883 -0.15731879 -0.16057778 ...  0.15837796  0.14331811
  0.13327268]",[1. 1. 1. ... 0. 0. 0.],"[ 34.00004686  34.00003278  33.99834243 ... 950.38403296 950.94101202
 951.48803989]","[ 12.0000181   12.00002938  11.99994923 ... 271.5844272  271.65230013
 271.72439331]","[ 0.82483612  0.82461657  0.8243861  ... -0.05469037 -0.04520772
 -0.03464515]",[0. 0. 0. ... 0. 0. 0.],[0. 1. 1. ... 1. 1. 1.],[0. 0. 0. ... 0. 0. 0.]
P30,S1,V4,E4,07042014,1.100990214710795e+16,[2. 4. 4. ... 4. 4. 4.],[0.00839344 0.00838446 0.00837907 ... 0.03863588 0.03862685 0.03861941],1173234025402730.5,[0.17603957 0.17621106 0.17639228 ... 0.05244458 0.05183092 0.05124731],"[[ 0.  1.  7.  6.  1.]
 [ 0.  0. 15.  0.  0.]
 [ 8. 14.  0.  0.  2.]
 [ 6.  0.  0.  0.  1.]
 [ 1.  0.  1.  1.  0.]]","[-0.09590636 -0.10628719 -0.11828764 ...  0.4200807   0.41279129
  0.40539496]",[0. 0. 0. ... 0. 0. 0.],"[-0.35457187 -0.3682271  -0.38034907 ...  0.27243572  0.2712711
  0.26938834]",[0. 0. 0. ... 0. 0. 0.],"[ 26.00004593  26.00008722  25.99989903 ... 917.70701101 917.80221543
 917.86954584]","[  4.00004179   4.00001721   3.99996668 ... 302.2113314  301.78756798
 301.37837572]",[0.33466579 0.33250691 0.33052153 ... 0.34727599 0.34683438 0.34644614],[0. 0. 0. ... 1. 1. 1.],[0. 1. 1. ... 2. 2. 2.],[1. 1. 1. ... 1. 1. 1.]
P01,S1,V4,E4,21032014,1651076723312990.0,[0. 0. 0. ... 4. 4. 4.],[0.02636429 0.02643226 0.02649941 ... 0.01007273 0.01006759 0.01006302],106130956720344.9,[0.13975401 0.14023104 0.14070453 ... 0.0975804  0.09748545 0.0973911 ],"[[ 0.  3.  4.  9.  2.]
 [ 0.  0. 20.  0.  0.]
 [ 6. 17.  0.  0.  1.]
 [ 9.  0.  0.  0.  0.]
 [ 2.  0.  0.  0.  0.]]",[0.373441   0.38048404 0.38653085 ... 0.02552708 0.02933985 0.03337452],[0. 0. 0. ... 0. 0. 0.],[0.2939798  0.29642537 0.29816032 ... 0.36374651 0.36414368 0.36453255],[0. 0. 0. ... 0. 0. 0.],"[ -9.99996789  -9.99981244  -9.99706522 ... 954.59138835 954.50011673
 954.39256125]","[151.00001944 151.00009306 151.00145565 ... 286.05166868 286.29324384
 286.51183   ]",[0.9451816  0.9455589  0.94593772 ... 0.48945355 0.48897577 0.48853838],[0. 0. 0. ... 1. 1. 1.],[0. 0. 0. ... 2. 2. 2.],[0. 0. 0. ... 1. 1. 1.]
P28,S1,V2,E2,04042014,1.4267315881924642e+16,[0. 4. 4. ... 4. 4. 4.],[0.03920913 0.03919565 0.03918154 ... 0.03783827 0.03774101 0.03764338],892888188164959.6,[0.05605352 0.05627522 0.05649108 ... 0.15706181 0.15654976 0.15601404],"[[ 0.  5. 12. 16. 16.]
 [ 1.  0. 25.  0.  0.]
 [15. 21.  0.  0.  1.]
 [17.  0.  0.  0.  0.]
 [15.  0.  0.  1.  0.]]","[-0.82830075 -0.82490556 -0.82208987 ...  0.7596384   0.74994731
  0.74047067]",[0. 0. 0. ... 0. 0. 0.],"[-0.39890215 -0.39801597 -0.39711953 ...  0.11541907  0.11520076
  0.1153675 ]",[1. 1. 1. ... 0. 0. 0.],"[ 39.00002043  39.00001415  38.99843511 ... 911.12685885 911.45315724
 911.77589893]","[  4.00001385   4.00001909   3.99997311 ... 319.01341301 318.66817996
 318.31802181]",[0.57418602 0.5730057  0.57181277 ... 0.95763647 0.95758353 0.95752675],[0. 0. 0. ... 0. 0. 0.],[0. 1. 1. ... 1. 1. 1.],[0. 0. 0. ... 1. 1. 1.]
P23,S1,V3,E4,31032014,1506934601517351.0,[0. 0. 0. ... 4. 4. 4.],[0.02491995 0.0249016  0.02488362 ... 0.01749098 0.01748895 0.01749192],164777102585630.8,[0.06264125 0.06228495 0.06193079 ... 0.02592691 0.02577503 0.02562637],"[[ 0.  3.  6.  9.  6.]
 [ 1.  0. 19.  0.  0.]
 [ 8. 17.  0.  0.  0.]
 [10.  0.  0.  0.  0.]
 [ 4.  0.  0.  1.  0.]]","[-0.74836162 -0.74617949 -0.74422337 ...  0.11956829  0.11998223
  0.12103629]",[0. 0. 0. ... 0. 0. 0.],"[-0.42096239 -0.42098759 -0.42024381 ... -0.08858384 -0.077331
 -0.0675802 ]",[0. 0. 1. ... 0. 0. 0.],"[ 10.00003405  10.00005734   9.99993985 ... 874.87480064 874.80781436
 874.7271112 ]","[-11.9999911  -11.99997182 -12.00003938 ... 291.93137887 292.19262582
 292.4358165 ]","[-0.02296431 -0.01835694 -0.01371723 ...  0.0037028   0.00753633
  0.01143545]",[0. 0. 0. ... 1. 1. 1.],[0. 0. 0. ... 1. 1. 1.],[0. 0. 0. ... 0. 0. 0.]
P03,S1,V4,E4,24032014,562426421082026.06,[2. 4. 4. ... 4. 4. 4.],[0.19751561 0.19559611 0.19361169 ... 0.03322171 0.03352516 0.03382424],19733873430338.816,[0.33659923 0.33336261 0.33002395 ... 0.10243356 0.10223804 0.10202083],"[[ 0.  0.  3.  4.  2.]
 [ 0.  0. 13.  0.  0.]
 [ 3. 12.  0.  0.  2.]
 [ 5.  0.  0.  0.  0.]
 [ 1.  1.  0.  1.  0.]]","[-0.25320752 -0.26886156 -0.28543249 ...  0.44449532  0.43940658
  0.4339597 ]",[0. 0. 0. ... 0. 0. 0.],"[-0.15350511 -0.16649106 -0.17777334 ...  0.47453423  0.4727149
  0.47043221]",[0. 0. 0. ... 0. 0. 0.],"[  6.00000719   6.00013494   6.0014389  ... 899.64752643 900.25060478
 900.83381559]","[-54.99999489 -54.99996576 -55.00004018 ... 287.09123073 287.06510611
 287.02694262]",[0.9866731  0.98657665 0.98647631 ... 0.23614545 0.2349999  0.23377631],[0. 0. 0. ... 1. 1. 1.],[0. 1. 1. ... 2. 2. 2.],[1. 1. 1. ... 1. 1. 1.]
P01,S1,V2,E2,21032014,991563229704396.6,[0. 4. 4. ... 4. 4. 4.],[0.05275376 0.05255446 0.05234934 ... 0.01901872 0.01921973 0.01942457],48522591665680.836,[0.11319781 0.11342292 0.11362758 ... 0.03476909 0.03509029 0.0354108 ],"[[ 0.  1.  6.  6. 11.]
 [ 1.  0.  8.  0.  0.]
 [ 6.  8.  0.  0.  0.]
 [ 6.  0.  0.  0.  3.]
 [10.  0.  0.  3.  0.]]",[0.42261196 0.43309574 0.44217331 ... 0.10145891 0.10181199 0.10210019],[0. 0. 0. ... 1. 1. 1.],[0.5747968  0.57421008 0.57380123 ... 0.00698047 0.01040129 0.01236585],[1. 1. 1. ... 0. 0. 0.],"[  4.00000799   4.00005449   3.9999615  ... 868.17937272 868.15040989
 868.12624582]","[ -1.99999705  -1.9999269   -1.9985111  ... 284.91138825 284.91652833
 284.92841094]",[0.76358975 0.76428857 0.76491307 ... 0.51294656 0.51758873 0.52217992],[0. 0. 0. ... 0. 0. 0.],[0. 1. 1. ... 1. 1. 1.],[0. 0. 0. ... 0. 0. 0.]
P28,S1,V3,E3,04042014,9659042102517566.0,[2. 4. 4. ... 4. 4. 4.],[0.01122023 0.01121539 0.01121149 ... 0.01926987 0.01919301 0.01911489],611943819193640.2,[0.02851983 0.02856663 0.02860785 ... 0.06033557 0.0597981  0.05924611],"[[ 0.  6.  8. 12. 29.]
 [ 2.  0. 10.  0.  0.]
 [13.  5.  0.  0.  1.]
 [11.  0.  0.  0.  4.]
 [29.  1.  0.  3.  0.]]","[-0.4602468  -0.45166461 -0.44268889 ...  0.38594327  0.38071259
  0.3744376 ]",[0. 0. 0. ... 0. 0. 0.],"[-0.24323751 -0.2376988  -0.2321159  ...  0.16891598  0.16895477
  0.16971515]",[1. 1. 1. ... 1. 1. 1.],"[ 30.99997618  31.00007062  30.99996748 ... 891.26777673 892.20577463
 893.21974743]","[ -1.00003611  -0.99996246  -1.00001518 ... 303.68867627 303.24968362
 302.78561931]",[0.21695743 0.2180026  0.21896809 ... 0.77556641 0.77444177 0.77327781],[0. 0. 0. ... 0. 0. 0.],[0. 1. 1. ... 1. 1. 1.],[0. 0. 0. ... 0. 0. 0.]
P25,S1,V4,E3,28032014,7175509213607886.0,[0. 0. 0. ... 4. 4. 4.],[0.01380658 0.01377288 0.0137399  ... 0.03972959 0.03968217 0.03963125],889360459538374.8,[0.03021399 0.03001517 0.0298156  ... 0.00144283 0.0014859  0.00152784],"[[ 0.  2. 11. 14.  8.]
 [ 1.  0. 19.  0.  0.]
 [12. 17.  0.  0.  1.]
 [14.  0.  0.  0.  1.]
 [ 7.  1.  0.  1.  0.]]","[-0.90847335 -0.90856128 -0.90734396 ... -0.77752706 -0.77590737
 -0.77443828]",[0. 0. 0. ... 0. 0. 0.],"[-0.75021454 -0.74846772 -0.74564131 ... -0.33190469 -0.32475829
 -0.31796499]",[0. 0. 0. ... 1. 1. 1.],"[ -3.99996133  -3.99998983  -4.00167869 ... 913.07907183 913.00386054
 912.93084345]","[  2.99999211   3.0000279    2.99997017 ... 251.9306108  251.9600436
 252.00342706]",[0.72104027 0.71868609 0.71634953 ... 0.50818554 0.50437846 0.50063451],[0. 0. 0. ... 1. 1. 1.],[0. 0. 0. ... 3. 3. 3.],[0. 0. 0. ... 1. 1. 1.]
